date,transportation_distance,fuel_consumption,production_volume,energy_usage,warehouse_area,num_suppliers,vehicle_type,transportation_mode,product_category,region,carbon_emissions
2023-01-01,437.1,133.3,1743,2005.8,4630,7,electric_van,road,textiles,north,424.1
2023-01-02,955.6,293.9,1402,897.1,7405,28,electric_van,air,food,west,1345.9
2023-01-03,758.8,442.8,662,1392.7,9139,16,diesel_truck,road,food,north,1188.9
2023-01-04,638.8,379.5,2474,925.4,4574,20,electric_van,rail,electronics,south,353.8
2023-01-05,240.4,413.0,3791,594.4,4695,31,diesel_truck,air,automotive,south,2180.0874999999996
2023-01-06,240.4,346.5,769,1685.0,6258,33,electric_van,rail,food,south,295.7
2023-01-07,152.3,361.5,1131,419.5,6262,14,diesel_truck,rail,chemicals,north,405.6
2023-01-08,879.6,432.1,1405,1947.0,4445,5,hybrid_truck,air,food,south,2180.0874999999996
2023-01-09,641.0,162.4,3971,998.7,9263,28,electric_van,road,consumer_goods,west,510.0
2023-01-10,737.3,270.2,3753,300.3,11411,19,diesel_truck,rail,consumer_goods,east,679.5
2023-01-11,118.5,149.5,2514,1424.5,3052,5,electric_van,rail,machinery,east,230.4
2023-01-12,972.9,494.5,2141,403.1,8570,32,electric_van,air,textiles,west,1572.0
2023-01-13,849.2,474.8,704,907.6,10579,22,electric_van,air,automotive,east,1458.3
2023-01-14,291.1,67.7,1081,1855.3,4666,26,diesel_truck,air,pharmaceuticals,north,1600.2
2023-01-15,263.6,367.5,2079,437.9,9901,22,hybrid_truck,air,textiles,south,1340.3
2023-01-16,265.1,466.4,1340,2146.5,5785,28,hybrid_truck,air,automotive,south,2007.5
2023-01-17,373.8,131.3,2336,308.4,3719,19,hybrid_truck,sea,food,south,203.6
2023-01-18,572.3,305.6,1751,843.0,11597,25,diesel_truck,air,machinery,north,2180.0874999999996
2023-01-19,488.8,462.0,2219,1930.0,9855,22,hybrid_truck,road,textiles,north,922.9
2023-01-20,362.1,65.3,2142,995.8,5294,12,diesel_truck,rail,food,north,412.3
2023-01-21,650.7,363.8,3143,524.2,11263,4,electric_van,road,automotive,west,523.7
2023-01-22,225.5,183.8,2797,1092.5,7482,13,electric_van,road,textiles,north,329.6
2023-01-23,362.9,466.0,1374,894.9,3698,22,hybrid_truck,sea,pharmaceuticals,east,385.2
2023-01-24,429.7,487.0,1964,2154.0,10243,4,diesel_truck,air,textiles,west,2180.0874999999996
2023-01-25,510.5,474.9,2743,989.4,8918,5,electric_van,rail,food,west,402.0
2023-01-26,806.7,263.4,1189,2035.7,3348,19,diesel_truck,road,chemicals,west,1135.8
2023-01-27,279.7,437.9,2510,2262.1,8374,15,diesel_truck,air,chemicals,north,2180.0874999999996
2023-01-28,562.8,430.0,3641,1254.4,10869,11,electric_van,air,textiles,west,1486.7
2023-01-29,633.2,193.6,3186,2301.9,3307,26,diesel_truck,sea,pharmaceuticals,north,566.1
2023-01-30,141.8,423.0,1922,1130.1,6416,21,electric_van,sea,machinery,north,195.2
2023-01-31,646.8,66.7,2501,2421.0,7820,5,electric_van,sea,machinery,west,242.1
2023-02-01,253.5,318.3,1171,496.4,6558,28,electric_van,rail,chemicals,south,226.2
2023-02-02,158.5,153.5,3774,1811.4,7478,32,diesel_truck,road,food,south,827.3
2023-02-03,954.0,104.3,1671,1386.4,9531,16,electric_van,sea,automotive,west,272.1
2023-02-04,969.1,84.6,1995,1152.8,7620,9,diesel_truck,sea,food,south,550.2
2023-02-05,827.6,363.3,1443,1692.0,5985,24,electric_van,sea,machinery,east,278.0
2023-02-06,374.2,202.9,2746,1848.5,11112,29,electric_van,road,electronics,east,448.3
2023-02-07,187.9,376.1,1949,309.6,11467,9,hybrid_truck,road,electronics,north,466.0
2023-02-08,715.8,79.4,3039,667.3,5547,12,hybrid_truck,sea,textiles,south,327.7
2023-02-09,496.1,191.9,1395,1868.7,3336,19,hybrid_truck,sea,pharmaceuticals,east,333.8
2023-02-10,209.8,292.8,2689,1766.0,5979,14,diesel_truck,air,chemicals,west,2180.0874999999996
2023-02-11,545.7,405.8,1836,2425.3,6968,10,diesel_truck,sea,consumer_goods,south,644.5
2023-02-12,130.9,193.4,664,1974.3,3910,34,electric_van,rail,consumer_goods,east,201.7
2023-02-13,918.4,331.7,2861,2391.7,4996,13,electric_van,rail,consumer_goods,east,502.6
2023-02-14,332.9,448.7,2568,1845.6,6129,13,electric_van,sea,textiles,west,299.1
2023-02-15,696.3,327.1,1605,955.7,8447,33,electric_van,road,electronics,north,489.1
2023-02-16,380.5,154.8,3702,531.8,9129,28,diesel_truck,air,machinery,west,1702.7
2023-02-17,568.1,61.0,2253,2020.0,8850,23,electric_van,road,textiles,north,431.0
2023-02-18,592.0,441.5,3531,1717.1,7204,21,electric_van,sea,consumer_goods,east,319.3
2023-02-19,266.4,59.6,2852,406.0,10446,31,hybrid_truck,rail,consumer_goods,north,245.5
2023-02-20,972.6,443.6,2438,1092.1,11519,27,electric_van,air,chemicals,east,1689.0
2023-02-21,797.6,288.0,870,2405.0,3314,23,electric_van,road,food,east,607.8
2023-02-22,945.5,472.6,2380,1400.9,4134,32,electric_van,road,consumer_goods,south,726.8
2023-02-23,905.3,409.5,1352,1252.0,7876,12,diesel_truck,sea,pharmaceuticals,north,618.8
2023-02-24,638.1,499.1,883,1306.9,11102,34,hybrid_truck,air,consumer_goods,north,2160.8
2023-02-25,929.7,207.8,2431,759.5,11347,18,electric_van,rail,food,north,352.7
2023-02-26,179.6,395.2,2992,1111.2,8592,7,electric_van,sea,consumer_goods,west,246.9
2023-02-27,276.4,230.9,924,1113.6,4724,34,hybrid_truck,air,pharmaceuticals,south,1198.5
2023-02-28,140.7,265.9,2708,415.2,6343,11,electric_van,road,machinery,south,290.0
2023-03-01,392.8,332.4,3749,1988.6,3886,12,diesel_truck,sea,textiles,south,589.5
2023-03-02,449.8,443.2,1128,1216.3,3721,16,electric_van,road,pharmaceuticals,west,496.6
2023-03-03,344.2,492.8,1394,2108.8,10678,12,diesel_truck,road,food,north,1148.0
2023-03-04,845.9,395.7,3037,2170.8,6357,29,diesel_truck,sea,textiles,north,690.7
2023-03-05,421.1,238.0,3564,766.4,3870,7,electric_van,sea,textiles,north,221.8
2023-03-06,352.8,239.6,2874,1746.2,9751,20,hybrid_truck,sea,food,south,349.3
2023-03-07,588.4,381.9,1097,1339.0,3497,19,diesel_truck,sea,chemicals,south,524.1
2023-03-08,226.8,157.4,3562,2236.3,4756,18,hybrid_truck,sea,electronics,east,342.5
2023-03-09,822.0,99.7,2836,774.6,4117,6,electric_van,road,consumer_goods,west,438.1
2023-03-10,167.1,209.6,1092,1791.2,5828,28,diesel_truck,rail,pharmaceuticals,west,500.5
2023-03-11,988.2,179.3,2187,1637.1,4647,23,electric_van,rail,food,south,420.8
2023-03-12,795.0,183.3,1072,949.7,9992,8,hybrid_truck,sea,machinery,east,307.3
2023-03-13,278.8,155.1,3925,600.5,9771,26,electric_van,road,automotive,north,356.1
2023-03-14,105.0,68.9,2575,1733.6,3142,8,electric_van,rail,food,south,179.9
2023-03-15,833.9,58.0,3501,1924.9,5761,23,diesel_truck,rail,consumer_goods,west,796.8
2023-03-16,736.2,494.5,2590,994.4,6435,18,electric_van,rail,consumer_goods,west,467.5
2023-03-17,756.1,242.5,2204,1718.6,9622,21,electric_van,road,textiles,west,541.9
2023-03-18,794.1,222.9,2970,1169.3,10069,18,electric_van,sea,textiles,north,267.3
2023-03-19,166.6,355.8,676,1869.1,7512,5,diesel_truck,sea,food,west,405.0
2023-03-20,422.6,148.2,1028,738.3,4848,32,hybrid_truck,sea,automotive,north,218.0
2023-03-21,204.3,477.5,2133,2258.5,5696,16,hybrid_truck,air,chemicals,north,2128.1
2023-03-22,876.8,403.9,1465,932.3,4717,7,electric_van,air,food,north,1440.0
2023-03-23,661.0,90.2,2017,1109.1,6072,13,diesel_truck,air,automotive,south,2003.5
2023-03-24,397.8,237.9,697,427.8,5786,16,electric_van,road,chemicals,north,323.0
2023-03-25,157.2,445.6,3157,545.3,6791,13,hybrid_truck,rail,automotive,east,418.6
2023-03-26,379.9,475.1,3389,1434.9,6871,32,diesel_truck,rail,consumer_goods,west,783.3
2023-03-27,392.7,260.3,1352,888.7,4806,34,hybrid_truck,road,consumer_goods,south,550.2
2023-03-28,756.6,326.0,2037,2138.1,4504,12,hybrid_truck,road,consumer_goods,west,971.7
2023-03-29,673.8,125.2,2569,332.3,6308,11,diesel_truck,sea,machinery,north,361.3
2023-03-30,898.5,496.0,3683,1134.0,10117,6,diesel_truck,sea,consumer_goods,south,731.3
2023-03-31,525.0,154.3,1580,1042.2,8048,19,electric_van,air,pharmaceuticals,east,904.3
2023-04-01,207.6,474.2,3637,342.5,11263,34,electric_van,air,textiles,north,1048.2
2023-04-02,741.9,342.3,3389,573.6,4690,17,hybrid_truck,road,textiles,west,801.5
2023-04-03,784.7,323.5,597,1210.0,6303,12,diesel_truck,air,automotive,east,2180.0874999999996
2023-04-04,605.1,280.7,3715,1384.3,6113,33,diesel_truck,rail,textiles,north,788.5
2023-04-05,793.9,153.8,2403,1189.4,10850,24,electric_van,road,electronics,east,467.5
2023-04-06,544.4,129.4,934,1468.1,9416,14,hybrid_truck,road,chemicals,north,592.9
2023-04-07,570.5,149.2,1136,1609.3,4504,6,hybrid_truck,rail,automotive,south,446.1
2023-04-08,484.8,133.9,3657,321.8,11924,8,electric_van,sea,textiles,north,156.6
2023-04-09,122.9,400.8,1087,1321.0,6924,32,diesel_truck,sea,electronics,south,354.1
2023-04-10,197.1,207.6,843,2419.7,11615,13,electric_van,rail,chemicals,north,285.9
2023-04-11,128.3,76.0,1817,1441.9,7485,16,electric_van,rail,machinery,north,207.3
2023-04-12,672.8,486.1,2479,1790.6,11100,7,electric_van,air,textiles,west,1677.4
2023-04-13,382.9,447.7,1070,986.1,11684,27,electric_van,road,electronics,east,431.9
2023-04-14,557.7,467.5,1110,2002.8,3191,16,diesel_truck,air,food,east,2180.0874999999996
2023-04-15,916.8,497.7,2227,2000.4,11690,15,electric_van,rail,pharmaceuticals,east,563.1
2023-04-16,324.4,128.3,2790,1446.9,7917,8,diesel_truck,air,food,north,1884.8
2023-04-17,469.3,228.3,2354,2447.2,8831,13,electric_van,rail,electronics,north,384.9
2023-04-18,780.0,391.2,3108,576.2,7322,31,hybrid_truck,air,automotive,north,2155.3
2023-04-19,305.9,363.2,1459,337.3,9999,27,diesel_truck,air,consumer_goods,south,1705.7
2023-04-20,169.3,119.3,2579,1994.3,10282,12,hybrid_truck,sea,consumer_goods,south,263.0
2023-04-21,360.8,417.1,2938,2075.7,4874,23,electric_van,rail,consumer_goods,west,419.5
2023-04-22,245.1,151.0,2824,564.5,7763,10,electric_van,air,chemicals,north,687.2
2023-04-23,936.7,150.7,1031,884.3,11464,5,electric_van,road,automotive,east,444.0
2023-04-24,827.3,291.6,1677,338.6,4051,25,diesel_truck,air,chemicals,east,2180.0874999999996
2023-04-25,670.1,316.8,2930,945.3,10538,27,hybrid_truck,air,textiles,west,1989.9
2023-04-26,884.3,311.0,1591,2000.9,10411,31,diesel_truck,road,consumer_goods,east,1259.3
2023-04-27,823.3,91.2,2401,1439.5,9320,26,diesel_truck,rail,food,west,664.5
2023-04-28,267.9,444.9,1383,1065.8,5105,10,electric_van,sea,automotive,north,206.8
2023-04-29,903.3,169.5,2761,1117.8,3307,11,hybrid_truck,sea,automotive,east,387.6
2023-04-30,585.4,108.3,2178,303.0,10737,10,electric_van,sea,consumer_goods,north,169.6
2023-05-01,826.7,449.9,2923,959.6,6359,24,diesel_truck,road,food,south,1277.0
2023-05-02,906.5,480.0,3291,1722.2,6176,26,electric_van,air,machinery,east,1913.5
2023-05-03,386.2,438.0,2760,2443.2,4251,32,hybrid_truck,rail,automotive,south,666.6
2023-05-04,199.0,414.3,2626,2163.5,8366,17,electric_van,air,consumer_goods,east,1317.3
2023-05-05,305.1,344.9,2249,351.9,4517,29,hybrid_truck,sea,pharmaceuticals,north,229.3
2023-05-06,484.4,297.9,3175,2276.8,9226,22,hybrid_truck,air,electronics,west,2180.0874999999996
2023-05-07,836.2,89.1,3151,2023.0,8305,8,electric_van,road,chemicals,north,536.0
2023-05-08,874.7,233.8,1281,2016.8,8869,26,diesel_truck,road,textiles,north,1176.0
2023-05-09,106.3,217.7,3952,1307.6,11039,34,electric_van,rail,automotive,north,246.4
2023-05-10,559.7,166.9,3548,1175.6,7891,28,diesel_truck,rail,pharmaceuticals,east,634.2
2023-05-11,475.7,375.5,3227,966.4,7992,34,diesel_truck,sea,pharmaceuticals,west,480.4
2023-05-12,299.9,273.1,2605,444.5,4961,21,electric_van,rail,automotive,south,223.0
2023-05-13,207.9,86.5,3597,802.1,5863,23,diesel_truck,air,machinery,north,1442.8
2023-05-14,403.9,149.1,1380,842.5,9603,15,diesel_truck,road,electronics,east,642.7
2023-05-15,948.6,357.5,946,1365.0,7567,26,electric_van,road,textiles,south,638.0
2023-05-16,390.9,84.3,2613,1944.4,9513,20,electric_van,road,automotive,north,411.3
2023-05-17,566.9,433.0,2283,1342.4,7005,16,electric_van,rail,chemicals,south,402.5
2023-05-18,732.7,272.8,1777,427.3,3183,5,diesel_truck,road,textiles,north,908.3
2023-05-19,427.3,266.3,2491,2407.1,10755,28,hybrid_truck,road,food,south,791.6
2023-05-20,974.6,316.6,1567,2374.0,6358,16,diesel_truck,road,pharmaceuticals,south,1426.1
2023-05-21,966.2,421.1,3668,2027.4,9615,29,hybrid_truck,sea,pharmaceuticals,west,614.4
2023-05-22,326.6,206.5,2077,2480.9,9797,10,electric_van,sea,automotive,west,223.6
2023-05-23,547.5,355.1,1511,1497.9,11728,31,hybrid_truck,rail,automotive,north,568.2
2023-05-24,370.8,304.6,2774,2418.1,10678,13,electric_van,road,chemicals,east,599.4
2023-05-25,356.4,170.2,1273,466.3,8698,26,electric_van,rail,food,west,203.7
2023-05-26,133.2,445.4,3226,1104.5,4273,9,hybrid_truck,road,machinery,south,686.8
2023-05-27,648.6,408.8,2314,795.8,9653,6,electric_van,road,automotive,west,509.5
2023-05-28,552.4,346.3,3148,730.8,4096,29,hybrid_truck,road,pharmaceuticals,west,759.6
2023-05-29,146.3,432.8,2926,609.8,11002,6,electric_van,rail,textiles,north,255.5
2023-05-30,350.8,440.3,1701,1669.3,7247,21,diesel_truck,rail,electronics,west,732.4
2023-05-31,917.4,368.8,1950,2018.9,8314,14,diesel_truck,road,consumer_goods,west,1394.3
2023-06-01,315.6,426.7,3256,1572.3,6354,25,electric_van,air,textiles,south,1280.7
2023-06-02,230.4,363.9,806,623.3,3270,23,electric_van,rail,machinery,west,235.0
2023-06-03,540.5,356.1,1278,2084.5,4186,8,hybrid_truck,sea,electronics,south,471.7
2023-06-04,987.1,328.4,3051,1699.1,9305,22,diesel_truck,rail,textiles,west,935.6
2023-06-05,317.8,388.7,2815,1154.0,5398,25,hybrid_truck,road,textiles,west,704.3
2023-06-06,704.9,121.4,507,1783.1,9995,30,electric_van,air,food,east,1074.6
2023-06-07,785.5,446.4,3055,871.8,10299,31,electric_van,road,consumer_goods,west,602.1
2023-06-08,313.9,442.3,975,1059.4,7182,22,hybrid_truck,sea,chemicals,south,284.7
2023-06-09,755.4,63.2,1820,2318.5,5230,33,electric_van,rail,machinery,south,367.3
2023-06-10,431.0,421.6,2711,939.1,9511,18,diesel_truck,rail,pharmaceuticals,north,712.4
2023-06-11,669.1,108.0,984,1334.0,3128,33,hybrid_truck,road,food,north,611.4
2023-06-12,670.2,200.8,3643,2258.3,6672,19,diesel_truck,road,electronics,east,1201.3
2023-06-13,582.2,384.6,3114,1857.0,7765,27,diesel_truck,sea,consumer_goods,south,607.6
2023-06-14,181.3,122.3,1404,436.8,6970,12,diesel_truck,air,pharmaceuticals,south,978.1
2023-06-15,851.8,418.1,1058,624.1,10545,7,hybrid_truck,sea,food,south,390.1
2023-06-16,388.7,424.5,2467,317.3,8552,18,electric_van,air,consumer_goods,east,1030.7
2023-06-17,267.9,278.4,2785,1688.0,3627,28,diesel_truck,rail,chemicals,south,624.4
2023-06-18,136.7,52.9,1627,1284.9,9589,15,diesel_truck,air,machinery,north,1135.3
2023-06-19,631.8,179.2,1733,595.4,5044,26,diesel_truck,air,automotive,east,1913.8
2023-06-20,709.8,327.6,3101,2407.5,5341,6,electric_van,rail,chemicals,north,501.9
2023-06-21,114.9,491.5,3375,1465.3,8884,26,electric_van,rail,automotive,north,404.4
2023-06-22,560.9,334.3,967,832.2,11185,17,hybrid_truck,rail,electronics,east,461.0
2023-06-23,303.8,166.9,3839,1401.3,3249,20,electric_van,sea,automotive,west,219.2
2023-06-24,680.7,335.3,2933,1795.2,5925,22,hybrid_truck,rail,food,west,633.4
2023-06-25,256.9,293.0,3322,467.7,8043,9,hybrid_truck,road,electronics,north,528.5
2023-06-26,721.8,400.9,1347,904.3,3974,7,hybrid_truck,rail,pharmaceuticals,west,583.0
2023-06-27,448.1,98.1,2934,2075.3,10192,10,hybrid_truck,rail,chemicals,south,473.6
2023-06-28,943.1,392.5,3424,1311.3,5672,33,hybrid_truck,rail,chemicals,east,728.1
2023-06-29,223.8,293.6,758,1502.5,10279,22,diesel_truck,air,machinery,north,1854.5
2023-06-30,407.0,483.3,782,1252.2,10531,20,electric_van,sea,electronics,south,239.8
2023-07-01,202.1,203.8,2149,396.6,11662,28,diesel_truck,rail,pharmaceuticals,west,392.1
2023-07-02,932.2,334.7,2398,664.6,4987,19,hybrid_truck,sea,chemicals,south,440.5
2023-07-03,889.6,469.4,539,1280.2,3090,18,electric_van,road,electronics,west,632.7
2023-07-04,332.1,96.1,3033,760.2,11721,25,diesel_truck,road,textiles,north,597.4
2023-07-05,694.0,471.8,3476,410.0,7059,11,diesel_truck,rail,textiles,south,816.3
2023-07-06,835.5,359.5,2767,2156.0,5773,22,hybrid_truck,road,electronics,east,1041.8
2023-07-07,599.7,80.5,3700,2458.6,11383,11,diesel_truck,sea,chemicals,north,560.2
2023-07-08,576.7,185.4,1514,2044.9,10409,21,diesel_truck,air,consumer_goods,south,2180.0874999999996
2023-07-09,317.7,368.7,3571,2178.3,7440,31,diesel_truck,rail,automotive,south,825.0
2023-07-10,183.8,80.3,1112,832.3,10347,19,diesel_truck,road,textiles,west,403.3
2023-07-11,907.5,312.0,3475,2413.4,4008,23,diesel_truck,sea,consumer_goods,north,784.2
2023-07-12,910.4,205.6,2415,733.2,6783,22,hybrid_truck,sea,consumer_goods,north,377.2
2023-07-13,669.8,329.4,1187,2393.1,9646,13,hybrid_truck,road,machinery,north,904.4
2023-07-14,405.1,70.6,1112,2488.6,7298,20,diesel_truck,sea,pharmaceuticals,north,419.7
2023-07-15,414.3,442.2,2807,1865.8,7668,34,hybrid_truck,sea,food,west,463.1
2023-07-16,753.4,488.1,3537,2458.5,7287,16,hybrid_truck,rail,textiles,east,848.4
2023-07-17,907.4,486.0,3513,1553.0,5052,16,electric_van,sea,electronics,north,378.7
2023-07-18,898.4,387.3,2913,871.0,9009,10,diesel_truck,road,automotive,west,1249.2
2023-07-19,801.9,108.5,2281,1261.4,4716,30,hybrid_truck,rail,food,east,505.2
2023-07-20,677.8,391.2,2310,1605.8,3310,13,hybrid_truck,road,pharmaceuticals,east,885.9
2023-07-21,175.7,61.1,3091,460.8,7538,5,diesel_truck,air,consumer_goods,west,1101.6
2023-07-22,245.5,60.0,3196,1669.2,4260,7,electric_van,road,pharmaceuticals,north,323.4
2023-07-23,908.7,195.6,2047,2458.6,6932,28,diesel_truck,road,chemicals,east,1276.9
2023-07-24,645.8,269.9,2430,718.2,3584,9,electric_van,rail,textiles,north,323.7
2023-07-25,108.3,396.7,3361,2043.7,10616,27,diesel_truck,sea,pharmaceuticals,north,501.3
2023-07-26,191.3,357.5,3587,2297.4,11551,21,diesel_truck,road,pharmaceuticals,south,1102.6
2023-07-27,697.2,250.7,1652,2376.1,5866,26,diesel_truck,rail,automotive,north,839.0
2023-07-28,104.6,173.1,1074,2412.3,8898,9,diesel_truck,air,chemicals,south,1821.7
2023-07-29,244.7,498.7,3680,1447.2,5011,32,electric_van,rail,chemicals,east,364.9
2023-07-30,593.9,241.8,2410,2450.1,9251,33,electric_van,rail,consumer_goods,west,411.4
2023-07-31,722.7,253.1,1512,1966.1,7939,28,hybrid_truck,sea,automotive,south,419.4
2023-08-01,686.8,123.6,1169,655.7,7006,26,diesel_truck,road,automotive,west,723.4
2023-08-02,301.8,407.7,768,1349.2,4625,20,electric_van,air,electronics,east,1068.1
2023-08-03,741.0,362.2,3733,1880.3,3890,17,electric_van,rail,pharmaceuticals,north,484.6
2023-08-04,313.5,149.3,1783,844.1,9078,27,electric_van,road,pharmaceuticals,east,288.3
2023-08-05,392.9,87.1,1423,1709.4,10036,14,diesel_truck,road,chemicals,west,721.0
2023-08-06,771.8,356.2,1625,1766.5,11923,29,hybrid_truck,rail,pharmaceuticals,east,656.7
2023-08-07,684.7,344.5,2029,657.9,6961,34,electric_van,road,machinery,north,480.2
2023-08-08,864.3,173.0,2258,1543.2,5504,22,diesel_truck,rail,automotive,east,753.1
2023-08-09,691.9,477.9,2094,1997.6,11806,33,electric_van,rail,food,north,485.2
2023-08-10,611.5,118.0,746,1397.6,6806,5,electric_van,rail,chemicals,south,245.3
2023-08-11,184.3,244.6,2060,326.6,9100,31,hybrid_truck,air,textiles,west,1011.8
2023-08-12,430.9,474.6,2678,319.9,4719,6,electric_van,rail,chemicals,north,326.6
2023-08-13,338.7,238.9,2900,1085.5,9686,14,electric_van,sea,consumer_goods,north,198.2
2023-08-14,319.6,337.3,2743,2337.6,4587,9,diesel_truck,road,food,east,1111.9
2023-08-15,975.7,228.9,2439,803.1,10000,32,diesel_truck,air,consumer_goods,south,2180.0874999999996
2023-08-16,453.8,173.4,1429,1695.6,3896,17,hybrid_truck,road,electronics,north,622.4
2023-08-17,902.8,492.8,3953,788.6,8558,22,diesel_truck,air,electronics,south,2180.0874999999996
2023-08-18,668.0,234.2,3569,1007.7,11469,29,diesel_truck,sea,consumer_goods,south,497.1
2023-08-19,815.3,452.3,3192,2165.7,7647,19,hybrid_truck,air,pharmaceuticals,east,2180.0874999999996
2023-08-20,552.4,153.5,726,1903.5,5432,24,electric_van,air,food,north,1059.6
2023-08-21,619.2,145.9,3248,509.9,6904,25,hybrid_truck,air,pharmaceuticals,east,1506.9
2023-08-22,543.3,64.0,764,1243.1,9837,27,diesel_truck,road,chemicals,west,650.5
2023-08-23,275.7,343.3,1895,364.2,4449,10,hybrid_truck,rail,machinery,west,327.7
2023-08-24,750.2,215.8,1957,1358.0,7500,33,electric_van,road,electronics,north,514.7
2023-08-25,352.7,439.0,1145,1757.4,8454,30,hybrid_truck,rail,electronics,south,533.8
2023-08-26,121.9,262.9,2758,560.7,7117,11,diesel_truck,road,food,north,561.1
2023-08-27,680.9,485.7,3948,935.5,11869,22,diesel_truck,sea,electronics,north,597.8
2023-08-28,259.4,133.5,1918,1175.2,5028,23,hybrid_truck,sea,machinery,west,225.9
2023-08-29,946.4,440.9,1973,2323.0,9845,19,electric_van,air,machinery,west,1941.9
2023-08-30,958.5,399.5,3490,2485.2,6758,25,hybrid_truck,sea,machinery,south,612.2
2023-08-31,923.4,396.9,1887,398.8,8904,30,electric_van,air,textiles,south,1386.7
2023-09-01,433.1,430.2,2399,1974.2,7624,10,electric_van,rail,machinery,north,431.9
2023-09-02,113.9,392.5,3004,1117.8,11848,12,hybrid_truck,sea,machinery,east,328.1
2023-09-03,935.5,331.8,3272,1163.4,3165,16,electric_van,rail,textiles,north,475.4
2023-09-04,485.4,109.1,1749,1959.4,7591,4,diesel_truck,road,pharmaceuticals,south,867.2
2023-09-05,970.0,64.6,1481,2320.5,3589,32,hybrid_truck,rail,chemicals,east,621.8
2023-09-06,967.3,464.4,1654,2392.0,7524,34,electric_van,road,automotive,west,792.6
2023-09-07,867.7,327.5,1087,1569.7,5821,11,diesel_truck,rail,electronics,south,818.4
2023-09-08,365.0,408.4,975,1085.7,9509,27,hybrid_truck,rail,machinery,south,421.4
2023-09-09,446.6,266.7,2321,2032.6,10693,25,diesel_truck,sea,electronics,east,504.1
2023-09-10,866.0,102.8,1485,852.2,3071,7,diesel_truck,rail,food,south,624.6
2023-09-11,385.2,106.3,3848,1541.0,6580,6,diesel_truck,sea,electronics,south,413.1
2023-09-12,252.5,358.5,2703,1088.9,10962,30,electric_van,sea,consumer_goods,south,210.6
2023-09-13,601.1,243.6,1741,1744.6,3268,6,hybrid_truck,air,pharmaceuticals,south,1876.2
2023-09-14,942.5,140.2,689,828.9,5462,25,hybrid_truck,air,chemicals,south,1659.0
2023-09-15,726.4,271.2,1940,721.5,4015,16,electric_van,road,textiles,south,471.1
2023-09-16,613.1,78.9,1480,2320.1,10984,11,hybrid_truck,rail,electronics,south,508.6
2023-09-17,187.5,311.9,2198,524.0,3406,10,diesel_truck,road,electronics,south,628.9
2023-09-18,653.5,171.0,2215,1413.1,10384,30,hybrid_truck,rail,electronics,west,484.8
2023-09-19,991.0,408.9,3093,785.9,9049,4,electric_van,air,automotive,south,1659.6
2023-09-20,226.1,189.7,540,385.6,9169,30,diesel_truck,air,automotive,west,1055.4
2023-09-21,566.5,254.8,2854,379.2,10982,19,electric_van,rail,food,west,297.4
2023-09-22,889.6,55.2,1442,685.5,3985,9,diesel_truck,rail,textiles,north,588.3
2023-09-23,766.7,82.6,837,2206.9,7485,10,diesel_truck,air,electronics,north,2180.0874999999996
2023-09-24,727.3,226.6,1837,921.5,11901,15,hybrid_truck,air,electronics,west,1742.8
2023-09-25,732.2,266.0,1598,2391.0,5618,26,diesel_truck,road,electronics,west,1232.0
2023-09-26,423.5,320.0,3500,1579.6,9289,12,electric_van,air,electronics,south,1302.1
2023-09-27,364.2,181.2,2826,1260.6,9928,30,hybrid_truck,rail,automotive,north,418.8
2023-09-28,828.4,362.7,3747,1576.2,8368,14,electric_van,road,pharmaceuticals,east,677.4
2023-09-29,829.1,437.1,1395,1436.7,7621,13,diesel_truck,rail,pharmaceuticals,north,937.1
2023-09-30,880.4,400.9,2820,1969.3,10566,24,electric_van,sea,food,west,361.2
2023-10-01,921.9,67.8,3384,921.5,7670,4,electric_van,road,consumer_goods,west,516.7
2023-10-02,560.2,266.2,3167,1076.7,10658,21,diesel_truck,rail,machinery,south,699.5
2023-10-03,551.4,97.2,2174,2267.0,4003,34,hybrid_truck,air,textiles,south,1781.8
2023-10-04,818.5,158.9,3409,2382.2,10504,7,electric_van,sea,pharmaceuticals,north,288.3
2023-10-05,685.0,494.0,1430,2263.6,5466,8,diesel_truck,rail,consumer_goods,south,969.9
2023-10-06,731.8,114.1,788,1222.8,4939,12,hybrid_truck,road,chemicals,east,637.1
2023-10-07,816.2,274.5,1223,2016.8,4635,30,hybrid_truck,rail,chemicals,east,630.3
2023-10-08,901.0,328.2,3440,1347.9,11095,34,hybrid_truck,sea,electronics,south,490.8
2023-10-09,404.2,366.1,2819,1394.6,9265,20,electric_van,road,chemicals,east,501.4
2023-10-10,438.0,301.8,2453,750.3,4895,6,electric_van,sea,pharmaceuticals,east,182.2
2023-10-11,184.6,54.4,1589,1600.5,9524,19,electric_van,rail,food,north,172.0
2023-10-12,620.5,196.9,982,709.5,4073,8,hybrid_truck,air,machinery,east,1369.9
2023-10-13,132.3,283.0,1435,1029.4,8184,19,electric_van,air,pharmaceuticals,west,756.0
2023-10-14,519.0,89.5,2795,2181.1,5402,6,diesel_truck,rail,food,west,659.9
2023-10-15,588.4,207.8,655,755.6,7895,23,electric_van,rail,chemicals,north,270.3
2023-10-16,357.9,64.9,1570,456.5,10331,18,electric_van,rail,automotive,south,149.8
2023-10-17,631.7,85.4,2458,451.8,4956,33,hybrid_truck,road,machinery,north,522.5
2023-10-18,127.5,228.6,3001,2369.7,10023,6,electric_van,sea,food,south,228.3
2023-10-19,133.6,109.7,2748,1415.2,6907,23,diesel_truck,sea,consumer_goods,south,312.5
2023-10-20,840.3,305.4,2183,1200.7,3807,17,hybrid_truck,sea,pharmaceuticals,south,408.5
2023-10-21,424.2,360.3,623,2083.9,11378,34,diesel_truck,rail,automotive,south,730.2
2023-10-22,214.4,410.3,2548,2138.8,7827,19,hybrid_truck,sea,consumer_goods,south,369.5
2023-10-23,570.0,140.1,1467,1030.8,7524,32,hybrid_truck,rail,food,north,384.8
2023-10-24,793.0,125.4,1354,1826.0,5284,32,electric_van,road,food,south,502.6
2023-10-25,294.2,97.1,1139,1996.5,8313,34,diesel_truck,air,chemicals,east,1758.8
2023-10-26,660.6,336.4,2738,1740.2,3757,34,hybrid_truck,rail,consumer_goods,east,655.9
2023-10-27,176.8,367.9,2102,633.5,7887,20,electric_van,rail,pharmaceuticals,south,260.2
2023-10-28,146.5,64.2,3063,2226.9,6854,31,hybrid_truck,air,machinery,east,1404.9
2023-10-29,578.2,471.3,941,1486.0,6558,27,hybrid_truck,air,automotive,west,2089.6
2023-10-30,586.6,73.4,2444,921.4,3961,23,hybrid_truck,road,chemicals,north,575.0
2023-10-31,673.7,293.6,2338,1235.5,6847,26,hybrid_truck,sea,electronics,north,413.6
2023-11-01,753.5,369.1,2329,382.7,9726,21,hybrid_truck,rail,textiles,south,485.0
2023-11-02,978.3,441.9,2690,581.3,6575,21,hybrid_truck,sea,machinery,south,474.6
2023-11-03,564.7,371.3,3762,1984.2,5418,25,electric_van,rail,chemicals,west,459.4
2023-11-04,390.7,410.8,1032,300.0,7198,17,hybrid_truck,road,automotive,south,548.2
2023-11-05,815.7,202.8,2774,1216.4,4001,21,diesel_truck,air,consumer_goods,east,2180.0874999999996
2023-11-06,343.7,416.7,1836,1449.5,8244,18,electric_van,road,food,west,530.9
2023-11-07,495.1,86.1,1448,420.2,10119,18,diesel_truck,air,consumer_goods,east,1357.6
2023-11-08,170.6,452.7,3873,2440.8,7066,9,hybrid_truck,sea,chemicals,north,456.0
2023-11-09,122.8,296.4,2519,797.5,5845,30,diesel_truck,sea,automotive,east,300.3
2023-11-10,966.4,417.8,959,969.2,11849,18,hybrid_truck,road,consumer_goods,north,897.4
2023-11-11,852.4,253.5,3972,968.7,8316,21,hybrid_truck,air,consumer_goods,east,2171.1
2023-11-12,726.4,339.6,1050,806.9,3422,7,electric_van,road,textiles,north,506.6
2023-11-13,468.1,286.9,892,303.2,9715,26,electric_van,air,pharmaceuticals,south,840.5
2023-11-14,256.0,379.2,2287,1904.6,7266,11,hybrid_truck,air,chemicals,east,1859.2
2023-11-15,240.8,86.7,1344,2427.1,10549,18,electric_van,sea,textiles,north,197.5
2023-11-16,325.2,77.2,3778,793.4,9316,6,diesel_truck,sea,chemicals,east,314.3
2023-11-17,594.3,161.2,2757,1758.7,5710,33,electric_van,air,electronics,west,1246.3
2023-11-18,743.1,121.8,1638,1932.2,11644,18,electric_van,air,electronics,south,1265.7
2023-11-19,694.2,442.3,1145,2166.5,11069,16,diesel_truck,air,textiles,north,2180.0874999999996
2023-11-20,351.9,148.6,3822,1229.8,4657,12,electric_van,sea,machinery,west,207.1
2023-11-21,959.4,489.1,2766,966.4,5541,5,hybrid_truck,sea,machinery,east,527.8
2023-11-22,764.1,201.6,2954,1015.6,9763,27,diesel_truck,rail,consumer_goods,west,733.6
2023-11-23,598.9,132.0,1966,1867.8,6075,11,hybrid_truck,air,consumer_goods,east,1775.7
2023-11-24,650.5,405.4,1877,2096.9,6164,32,diesel_truck,rail,food,south,881.9
2023-11-25,477.6,346.4,3435,699.6,5053,33,hybrid_truck,air,electronics,west,1781.5
2023-11-26,323.0,274.2,3105,1116.1,11479,23,hybrid_truck,sea,chemicals,south,341.2
2023-11-27,420.4,299.9,3097,2284.3,8737,20,electric_van,rail,food,north,400.2
2023-11-28,782.1,373.6,641,2074.7,6217,16,hybrid_truck,rail,electronics,east,643.4
2023-11-29,113.0,152.8,3159,2466.7,4447,4,electric_van,road,textiles,east,411.4
2023-11-30,204.5,498.4,1000,1959.3,9009,5,diesel_truck,air,machinery,south,2180.0874999999996
2023-12-01,141.4,488.7,1339,1165.0,3607,33,hybrid_truck,sea,consumer_goods,south,299.4
2023-12-02,136.7,342.6,3249,1599.4,7552,18,hybrid_truck,road,machinery,north,696.0
2023-12-03,869.9,139.8,2182,1754.2,4764,15,diesel_truck,road,textiles,west,1082.1
2023-12-04,733.3,356.1,2065,472.6,5671,17,diesel_truck,air,food,east,2180.0874999999996
2023-12-05,526.8,82.5,2546,1497.9,9519,28,hybrid_truck,road,food,east,607.5
2023-12-06,188.1,63.8,2030,1860.5,6962,32,diesel_truck,air,automotive,north,1555.4
2023-12-07,542.5,166.0,1095,668.1,6177,5,electric_van,road,consumer_goods,north,339.2
2023-12-08,526.1,258.2,2404,2017.4,6722,21,diesel_truck,air,consumer_goods,south,2180.0874999999996
2023-12-09,255.9,440.7,780,1584.3,7906,25,diesel_truck,sea,chemicals,south,455.0
2023-12-10,490.5,377.2,923,2394.9,10263,10,hybrid_truck,air,consumer_goods,west,2131.3
2023-12-11,458.7,384.2,3403,393.3,8054,32,electric_van,air,electronics,north,1167.7
2023-12-12,654.3,241.5,769,883.7,3808,26,diesel_truck,rail,food,west,583.4
2023-12-13,671.6,205.7,653,1623.4,3725,34,electric_van,sea,textiles,north,209.2
2023-12-14,140.8,217.0,3161,952.4,10701,32,electric_van,sea,food,east,151.5
2023-12-15,437.2,494.4,2250,1871.7,4216,28,electric_van,sea,machinery,north,316.3
2023-12-16,663.3,68.0,1161,1969.8,7051,9,hybrid_truck,road,electronics,north,691.4
2023-12-17,552.8,440.2,2467,525.5,5197,17,diesel_truck,rail,consumer_goods,east,696.9
2023-12-18,870.8,310.4,582,1430.5,5806,11,hybrid_truck,sea,chemicals,north,396.4
2023-12-19,692.8,247.4,3494,1419.6,11970,30,diesel_truck,road,chemicals,west,1139.4
2023-12-20,246.6,376.4,3446,1112.4,3972,25,diesel_truck,road,chemicals,south,930.3
2023-12-21,163.5,269.0,1949,2352.4,8634,5,hybrid_truck,road,pharmaceuticals,south,698.7
2023-12-22,678.2,443.0,1798,2120.5,10483,20,electric_van,rail,automotive,west,468.4
2023-12-23,123.9,455.3,2831,1833.9,5123,8,electric_van,road,electronics,east,495.3
2023-12-24,627.2,239.8,1479,1871.5,11790,17,diesel_truck,rail,machinery,north,732.8
2023-12-25,946.2,174.6,2720,1315.8,3224,28,hybrid_truck,air,consumer_goods,west,2135.3
2023-12-26,617.9,316.6,3898,2326.2,4814,27,electric_van,road,machinery,south,652.1
2023-12-27,449.4,460.6,3634,1828.1,4106,33,electric_van,sea,machinery,south,318.7
2023-12-28,679.0,144.8,3644,1903.8,3124,32,diesel_truck,road,consumer_goods,west,1103.8
2023-12-29,512.4,330.3,3310,2195.7,6246,23,diesel_truck,air,machinery,south,2180.0874999999996
2023-12-30,591.1,334.2,2159,903.0,5931,24,hybrid_truck,air,chemicals,west,1824.0
2023-12-31,947.3,379.9,1898,2075.6,5971,32,diesel_truck,road,textiles,south,1399.5
2024-01-01,447.5,109.2,1132,729.5,5017,24,electric_van,air,automotive,west,692.7
2024-01-02,965.1,372.1,2031,1059.8,10415,25,electric_van,rail,pharmaceuticals,north,435.3
2024-01-03,914.8,459.1,1286,1038.3,5415,6,electric_van,rail,machinery,north,439.4
2024-01-04,276.2,130.9,3490,2452.8,6096,8,electric_van,road,machinery,north,486.3
2024-01-05,162.4,156.9,3559,2184.4,4609,19,hybrid_truck,rail,food,north,459.0
2024-01-06,190.7,487.1,897,1842.6,3717,21,hybrid_truck,rail,automotive,south,537.1
2024-01-07,116.4,131.4,1643,1899.5,6561,29,diesel_truck,sea,electronics,east,308.9
2024-01-08,185.0,434.5,1433,1536.6,9782,20,diesel_truck,road,automotive,west,880.2
2024-01-09,714.7,271.5,1960,2383.6,4048,14,diesel_truck,air,automotive,east,2180.0874999999996
2024-01-10,164.1,161.3,2352,1391.8,11307,20,hybrid_truck,road,consumer_goods,south,498.7
2024-01-11,387.1,441.8,3223,1137.1,10905,19,electric_van,rail,consumer_goods,south,369.5
2024-01-12,860.4,250.4,3483,658.7,8578,29,diesel_truck,sea,consumer_goods,east,505.0
2024-01-13,120.9,281.7,3012,2029.7,4620,26,electric_van,road,pharmaceuticals,east,448.6
2024-01-14,833.0,211.7,785,1915.8,9548,5,diesel_truck,road,chemicals,south,1100.3
2024-01-15,353.7,316.8,764,1145.6,10381,7,diesel_truck,rail,automotive,south,535.0
2024-01-16,206.3,123.6,2867,355.4,7780,24,diesel_truck,rail,pharmaceuticals,west,340.8
2024-01-17,727.1,226.0,3220,2145.8,6792,10,diesel_truck,road,machinery,north,1208.2
2024-01-18,666.0,486.2,3947,325.1,5941,5,diesel_truck,rail,consumer_goods,north,846.1
2024-01-19,889.7,166.2,3367,1848.1,8695,33,electric_van,rail,machinery,west,437.4
2024-01-20,761.6,345.5,2636,2434.6,9401,9,diesel_truck,rail,consumer_goods,east,934.0
2024-01-21,823.1,196.3,2177,1262.9,9197,20,electric_van,rail,textiles,south,364.0
2024-01-22,353.8,398.1,1726,816.9,8450,10,hybrid_truck,rail,pharmaceuticals,east,451.8
2024-01-23,259.7,108.9,1320,1850.7,11975,28,diesel_truck,sea,pharmaceuticals,north,314.1
2024-01-24,775.6,486.4,2262,2097.7,11432,8,electric_van,rail,chemicals,north,516.6
2024-01-25,826.2,254.2,3548,1502.1,8874,8,hybrid_truck,air,electronics,east,2180.0874999999996
2024-01-26,991.5,156.2,2881,2427.5,4553,23,hybrid_truck,road,food,north,1003.1
2024-01-27,471.4,83.1,2769,413.7,4012,19,hybrid_truck,sea,automotive,south,234.8
2024-01-28,434.8,126.4,540,1410.6,11378,22,electric_van,sea,electronics,west,171.3
2024-01-29,798.8,283.9,2231,1880.6,4881,12,diesel_truck,rail,pharmaceuticals,east,876.3
2024-01-30,406.7,201.7,567,2197.8,9799,8,diesel_truck,road,electronics,south,865.1
2024-01-31,937.7,423.0,1487,694.4,7586,11,electric_van,air,textiles,south,1457.3
2024-02-01,872.6,243.9,2299,2060.0,11622,12,diesel_truck,rail,food,north,904.6
2024-02-02,486.1,161.9,3061,1516.0,11430,8,electric_van,road,chemicals,south,431.7
2024-02-03,775.8,327.7,2121,1172.4,9447,13,diesel_truck,rail,pharmaceuticals,east,819.0
2024-02-04,779.1,368.0,2155,589.8,5345,28,hybrid_truck,rail,pharmaceuticals,south,565.7
2024-02-05,192.8,125.2,3698,2203.7,3075,5,diesel_truck,rail,automotive,west,586.1
2024-02-06,912.3,125.4,1778,646.0,8877,12,electric_van,rail,chemicals,south,333.9
2024-02-07,554.7,66.5,1194,981.5,9785,14,electric_van,rail,chemicals,south,225.6
2024-02-08,843.8,381.4,3587,938.1,7922,7,hybrid_truck,rail,consumer_goods,west,655.2
2024-02-09,388.0,348.7,3024,2217.1,11090,25,electric_van,rail,food,south,388.2
2024-02-10,906.0,263.6,1585,1779.9,5330,25,diesel_truck,air,textiles,south,2180.0874999999996
2024-02-11,450.3,429.9,3428,2052.7,7686,25,diesel_truck,sea,machinery,north,641.1
2024-02-12,109.8,412.6,2979,851.0,4902,5,hybrid_truck,air,electronics,east,1455.9
2024-02-13,914.8,313.4,2193,1674.7,7670,26,electric_van,rail,chemicals,north,433.1
2024-02-14,182.2,440.7,2815,1557.8,10143,32,hybrid_truck,rail,automotive,east,524.0
2024-02-15,387.4,142.6,1558,2132.2,5059,9,diesel_truck,air,pharmaceuticals,west,2106.6
2024-02-16,955.1,100.4,1278,2293.4,3140,30,hybrid_truck,air,machinery,west,2176.0
2024-02-17,955.5,171.4,993,326.7,4789,17,electric_van,sea,textiles,west,189.8
2024-02-18,616.1,75.7,2085,1782.8,3016,4,hybrid_truck,air,food,east,1658.6
2024-02-19,668.7,289.0,1992,414.0,3464,21,electric_van,sea,chemicals,east,221.4
2024-02-20,503.6,471.5,2290,1507.5,7471,10,electric_van,rail,electronics,east,388.2
2024-02-21,363.9,67.7,1160,932.8,4827,4,diesel_truck,road,chemicals,west,554.6
2024-02-22,395.8,104.9,1848,974.9,11711,34,diesel_truck,road,automotive,east,611.8
2024-02-23,705.3,253.5,1827,1076.5,8956,4,diesel_truck,road,chemicals,south,997.5
2024-02-24,777.1,470.2,1799,1666.8,3089,4,electric_van,road,chemicals,north,659.5
2024-02-25,812.4,192.3,2486,1034.9,7815,27,hybrid_truck,rail,chemicals,west,497.6
2024-02-26,810.7,278.3,3560,1911.9,5851,7,electric_van,road,pharmaceuticals,north,632.9
2024-02-27,182.1,68.7,2544,1190.0,5843,7,diesel_truck,air,pharmaceuticals,south,1358.6
2024-02-28,545.0,116.8,3772,450.4,9543,32,diesel_truck,air,machinery,east,1886.8
2024-02-29,151.8,494.0,2428,2024.3,8901,21,hybrid_truck,road,machinery,north,841.9
2024-03-01,594.6,484.3,1847,928.7,3969,30,diesel_truck,air,electronics,south,2180.0874999999996
2024-03-02,497.4,52.2,1558,1252.1,4094,14,diesel_truck,sea,food,south,310.2
2024-03-03,898.9,478.3,1476,1808.0,9124,30,diesel_truck,rail,textiles,north,994.3
2024-03-04,415.8,337.6,981,1031.4,10347,4,hybrid_truck,road,consumer_goods,west,597.1
2024-03-05,205.4,440.6,1227,424.5,6195,31,electric_van,road,food,north,355.9
2024-03-06,228.7,254.6,3027,1122.6,4404,13,diesel_truck,rail,food,west,516.9
2024-03-07,785.4,282.0,3636,2377.8,9940,12,hybrid_truck,air,food,east,2180.0874999999996
2024-03-08,656.4,270.0,1531,1711.8,7290,26,diesel_truck,rail,consumer_goods,west,763.4
2024-03-09,191.0,350.1,3872,1777.3,6982,7,hybrid_truck,rail,electronics,east,522.0
2024-03-10,175.7,112.8,842,1691.0,8555,31,diesel_truck,air,consumer_goods,north,1422.6
2024-03-11,730.9,63.5,1947,737.8,10954,9,hybrid_truck,rail,electronics,east,413.2
2024-03-12,165.5,188.6,2879,1220.3,7713,33,diesel_truck,air,consumer_goods,south,1719.4
2024-03-13,839.7,367.1,2985,1952.1,6092,19,electric_van,air,textiles,east,1747.8
2024-03-14,735.6,140.8,2721,523.0,7159,5,diesel_truck,rail,chemicals,west,585.8
2024-03-15,173.2,353.0,3106,911.3,9308,26,hybrid_truck,sea,food,west,306.7
2024-03-16,176.4,486.5,1026,907.9,10478,21,diesel_truck,air,chemicals,west,1988.6
2024-03-17,988.0,92.3,2396,1250.4,11476,13,electric_van,rail,electronics,east,368.3
2024-03-18,436.8,352.7,1158,2456.8,7933,27,diesel_truck,air,consumer_goods,west,2180.0874999999996
2024-03-19,433.6,249.7,2573,448.5,7926,27,hybrid_truck,sea,textiles,west,259.9
2024-03-20,831.5,440.7,1319,1441.1,6969,20,hybrid_truck,sea,consumer_goods,south,473.1
2024-03-21,952.5,129.7,3152,694.6,5965,16,electric_van,road,chemicals,east,512.4
2024-03-22,987.4,361.7,905,2435.5,7319,27,hybrid_truck,air,pharmaceuticals,south,2180.0874999999996
2024-03-23,778.0,427.2,2779,549.3,11975,21,diesel_truck,air,textiles,west,2180.0874999999996
2024-03-24,438.6,475.1,3080,1187.9,10108,25,diesel_truck,rail,food,west,755.7
2024-03-25,175.2,357.5,2073,1923.3,6939,16,diesel_truck,air,automotive,west,2180.0874999999996
2024-03-26,799.4,273.7,2311,1850.0,3044,20,hybrid_truck,road,food,east,933.5
2024-03-27,602.6,328.0,1004,1230.0,4810,8,diesel_truck,sea,automotive,north,477.1
2024-03-28,481.8,441.0,678,1062.4,7566,14,diesel_truck,sea,textiles,west,481.3
2024-03-29,915.7,306.8,631,1174.7,4909,10,diesel_truck,road,pharmaceuticals,west,1088.9
2024-03-30,200.1,63.7,2346,881.4,9364,32,electric_van,air,chemicals,west,615.8
2024-03-31,543.4,468.9,1978,751.7,5581,13,hybrid_truck,air,pharmaceuticals,west,1915.3
2024-04-01,110.2,360.3,2895,1362.7,3691,20,hybrid_truck,road,electronics,east,650.1
2024-04-02,521.8,354.4,3087,890.8,3931,18,hybrid_truck,rail,pharmaceuticals,north,538.5
2024-04-03,150.7,147.1,1271,932.4,10910,21,electric_van,sea,machinery,north,133.4
2024-04-04,206.9,346.5,1929,1744.9,9382,26,hybrid_truck,road,textiles,north,662.9
2024-04-05,205.8,227.2,2623,2430.8,6406,25,electric_van,road,chemicals,west,440.0
2024-04-06,684.3,343.1,1078,1628.0,11339,22,electric_van,air,chemicals,west,1389.7
2024-04-07,771.4,98.0,3401,469.4,4032,33,hybrid_truck,sea,electronics,north,289.5
2024-04-08,625.0,346.0,2015,466.3,4311,29,diesel_truck,air,chemicals,north,2180.0874999999996
2024-04-09,966.0,499.7,693,2393.1,11579,5,diesel_truck,road,pharmaceuticals,west,1516.2
2024-04-10,437.4,71.7,2507,954.0,6121,29,hybrid_truck,rail,textiles,west,311.3
2024-04-11,357.1,489.7,1685,502.5,4873,7,hybrid_truck,sea,food,south,328.5
2024-04-12,881.7,233.1,2894,1617.9,9781,6,electric_van,road,pharmaceuticals,south,632.5
2024-04-13,301.2,441.8,3498,1672.0,6748,10,hybrid_truck,road,consumer_goods,south,817.5
2024-04-14,966.9,402.1,1884,1726.7,3277,27,electric_van,rail,automotive,north,518.5
2024-04-15,110.9,305.2,2292,888.3,4859,21,hybrid_truck,road,textiles,east,505.8
2024-04-16,972.9,382.3,1610,333.2,8929,13,diesel_truck,road,chemicals,west,1110.5
2024-04-17,138.8,445.3,3833,2423.0,9792,10,diesel_truck,sea,electronics,south,579.8
2024-04-18,902.0,231.9,2761,852.0,7713,11,hybrid_truck,sea,food,east,398.7
2024-04-19,574.9,197.2,2436,1787.3,7675,9,electric_van,sea,machinery,west,259.1
2024-04-20,993.7,350.4,3120,1854.6,4170,25,diesel_truck,air,food,east,2180.0874999999996
2024-04-21,166.4,413.5,1279,1642.0,11681,29,electric_van,rail,pharmaceuticals,north,292.3
2024-04-22,598.5,393.0,761,988.4,8308,4,hybrid_truck,sea,automotive,north,343.9
2024-04-23,972.4,409.0,1229,896.4,5462,7,hybrid_truck,air,food,north,2180.0874999999996
2024-04-24,570.8,246.0,782,1614.9,3287,17,diesel_truck,air,machinery,south,2180.0874999999996
2024-04-25,666.5,418.0,1990,2205.4,8953,20,hybrid_truck,rail,consumer_goods,west,667.4
2024-04-26,726.2,104.1,3951,2382.8,7282,23,diesel_truck,rail,electronics,north,864.0
2024-04-27,509.1,295.0,861,533.0,4907,21,electric_van,road,textiles,south,369.0
2024-04-28,664.8,52.6,940,640.6,4161,14,diesel_truck,air,automotive,south,1519.6
2024-04-29,625.9,196.1,2640,2378.4,3129,32,diesel_truck,sea,machinery,south,565.9
2024-04-30,911.0,214.9,2144,1920.4,9337,24,electric_van,rail,chemicals,south,441.7
2024-05-01,140.9,228.3,3300,2242.6,5363,29,diesel_truck,air,pharmaceuticals,north,2180.0874999999996
2024-05-02,352.9,363.0,1366,745.8,11151,17,diesel_truck,sea,pharmaceuticals,south,361.6
2024-05-03,955.4,224.9,1947,1592.7,8983,12,hybrid_truck,air,pharmaceuticals,north,2179.7
2024-05-04,901.2,251.9,641,1842.5,3143,30,electric_van,rail,chemicals,north,377.3
2024-05-05,510.1,156.9,1814,1796.2,11207,18,diesel_truck,road,chemicals,south,911.4
2024-05-06,658.1,218.0,1955,1197.9,10469,15,electric_van,air,automotive,north,1135.4
2024-05-07,349.6,152.3,3296,333.9,3244,13,electric_van,sea,food,west,183.4
2024-05-08,269.3,82.9,2375,1582.4,3926,22,diesel_truck,rail,automotive,west,492.3
2024-05-09,517.3,321.6,2347,856.8,6178,27,hybrid_truck,road,pharmaceuticals,east,689.4
2024-05-10,418.0,350.7,2212,1290.6,5176,22,electric_van,sea,consumer_goods,west,225.6
2024-05-11,625.3,328.8,3200,2406.7,8002,9,diesel_truck,sea,machinery,north,659.1
2024-05-12,170.0,258.6,1200,1177.9,3886,23,electric_van,sea,textiles,north,170.8
2024-05-13,977.0,220.9,1497,2147.6,11532,27,hybrid_truck,air,textiles,west,2180.0874999999996
2024-05-14,987.6,438.5,2596,714.8,6398,30,hybrid_truck,rail,automotive,south,716.2
2024-05-15,728.3,283.6,1825,1779.4,11497,9,hybrid_truck,sea,pharmaceuticals,south,421.9
2024-05-16,582.5,265.6,1380,2449.4,5654,11,diesel_truck,air,chemicals,north,2180.0874999999996
2024-05-17,378.6,61.5,1713,524.2,10392,4,diesel_truck,rail,electronics,south,308.8
2024-05-18,832.4,203.6,1659,318.3,4371,25,hybrid_truck,rail,consumer_goods,east,413.6
2024-05-19,716.3,221.1,1054,1253.9,10135,20,diesel_truck,air,automotive,east,2180.0874999999996
2024-05-20,246.4,229.5,903,503.8,3320,20,hybrid_truck,air,pharmaceuticals,west,957.1
2024-05-21,919.8,311.1,1391,1946.4,7654,27,diesel_truck,sea,food,west,642.8
2024-05-22,840.3,290.1,3412,2312.0,8300,18,hybrid_truck,rail,textiles,south,726.1
2024-05-23,954.8,323.6,1101,1254.8,9761,10,electric_van,road,textiles,north,565.5
2024-05-24,753.1,394.2,2330,869.2,9854,22,hybrid_truck,air,consumer_goods,west,2124.6
2024-05-25,652.1,415.8,840,1255.7,8505,25,hybrid_truck,rail,textiles,east,510.8
2024-05-26,476.4,373.2,2468,1891.6,9553,34,diesel_truck,rail,electronics,west,776.8
2024-05-27,939.5,480.0,1203,319.9,7042,28,diesel_truck,sea,pharmaceuticals,west,592.8
2024-05-28,879.5,58.2,817,1596.8,10498,26,diesel_truck,road,pharmaceuticals,east,902.0
2024-05-29,140.7,138.1,3165,1649.2,9636,31,diesel_truck,sea,consumer_goods,north,359.7
2024-05-30,123.7,53.4,1886,1702.9,10362,6,diesel_truck,road,pharmaceuticals,west,529.2
2024-05-31,438.8,341.4,2929,832.4,3011,33,diesel_truck,road,chemicals,west,907.5
2024-06-01,829.5,454.1,2780,1870.9,3194,33,electric_van,air,consumer_goods,west,1808.0
2024-06-02,988.5,159.6,2300,501.1,5537,32,hybrid_truck,rail,pharmaceuticals,south,486.1
2024-06-03,235.4,467.2,1867,738.4,5842,25,hybrid_truck,rail,electronics,west,453.1
2024-06-04,634.7,77.1,2072,2230.4,5229,14,hybrid_truck,rail,machinery,east,515.8
2024-06-05,442.8,470.5,1316,1925.2,6009,23,electric_van,road,automotive,north,596.6
2024-06-06,972.9,208.2,1052,330.2,10984,33,hybrid_truck,rail,automotive,north,479.9
2024-06-07,857.9,95.6,1355,846.4,5077,32,electric_van,air,pharmaceuticals,east,1028.9
2024-06-08,854.5,268.6,2312,771.7,10845,22,electric_van,road,food,south,558.7
2024-06-09,521.8,165.5,3366,895.8,6867,12,electric_van,road,textiles,east,397.9
2024-06-10,473.3,178.2,682,844.6,7873,13,hybrid_truck,road,electronics,north,481.5
2024-06-11,346.1,188.3,3612,437.6,11635,5,electric_van,road,food,east,361.1
2024-06-12,150.7,411.4,2074,1309.7,3297,4,hybrid_truck,air,chemicals,south,1547.8
2024-06-13,878.3,292.6,896,1912.0,8856,34,hybrid_truck,rail,food,north,661.8
2024-06-14,831.6,190.1,2227,1634.8,4015,33,diesel_truck,air,pharmaceuticals,south,2180.0874999999996
2024-06-15,999.7,324.7,3326,1780.3,4384,19,diesel_truck,rail,electronics,east,993.0
2024-06-16,997.0,372.3,2017,478.5,11745,21,electric_van,air,automotive,west,1459.2
2024-06-17,599.9,172.7,1406,2393.3,5350,26,electric_van,sea,textiles,east,259.4
2024-06-18,792.1,236.1,1856,2144.7,4269,29,hybrid_truck,sea,automotive,south,465.5
2024-06-19,950.3,104.8,2674,2071.2,4260,20,electric_van,sea,food,east,269.0
2024-06-20,864.7,131.5,500,2110.6,10701,9,electric_van,sea,chemicals,west,278.3
2024-06-21,322.6,356.5,3739,2352.0,11376,17,hybrid_truck,road,textiles,south,903.8
2024-06-22,505.5,131.6,518,1497.4,7563,26,electric_van,road,machinery,east,385.7
2024-06-23,216.2,286.3,3903,740.6,9897,28,electric_van,air,food,south,933.3
2024-06-24,958.6,369.1,1083,1656.9,8672,18,hybrid_truck,air,automotive,south,2180.0874999999996
2024-06-25,645.6,98.1,955,1934.3,8593,17,hybrid_truck,sea,automotive,north,325.8
2024-06-26,305.8,305.3,3504,1923.4,9155,27,diesel_truck,rail,pharmaceuticals,north,695.9
2024-06-27,704.5,165.5,2536,1447.2,8543,25,hybrid_truck,sea,automotive,south,336.7
2024-06-28,656.3,483.3,1632,450.6,10240,6,diesel_truck,air,electronics,east,2180.0874999999996
2024-06-29,422.3,267.6,3839,1116.4,7683,27,electric_van,sea,food,east,240.1
2024-06-30,202.2,412.7,2992,2325.7,4881,26,hybrid_truck,air,consumer_goods,east,2147.8
2024-07-01,704.4,297.6,3811,1585.8,11713,22,hybrid_truck,sea,consumer_goods,west,469.4
2024-07-02,568.3,69.5,2452,1484.3,6809,28,hybrid_truck,rail,chemicals,south,466.6
2024-07-03,795.1,334.9,3872,891.5,8807,15,electric_van,sea,textiles,south,297.0
2024-07-04,568.1,478.1,3149,1110.6,7883,5,diesel_truck,rail,automotive,west,843.3
2024-07-05,867.0,320.7,2650,2269.8,10206,6,electric_van,rail,pharmaceuticals,south,485.5
2024-07-06,596.7,418.6,1487,1766.2,7155,21,electric_van,air,pharmaceuticals,south,1512.5
2024-07-07,604.8,447.9,3821,2032.3,7673,32,hybrid_truck,rail,automotive,west,715.0
2024-07-08,889.0,152.6,1019,1299.6,4409,4,diesel_truck,road,electronics,north,964.0
2024-07-09,463.1,145.4,3724,1686.5,8197,23,electric_van,road,pharmaceuticals,south,488.2
2024-07-10,220.6,324.9,1358,846.4,10452,24,hybrid_truck,road,consumer_goods,west,512.8
2024-07-11,125.9,235.0,673,1852.0,11718,32,electric_van,air,textiles,east,835.1
2024-07-12,779.6,427.9,1866,1240.7,5172,9,electric_van,road,food,north,626.1
2024-07-13,658.3,455.0,3552,1273.6,3279,8,hybrid_truck,air,machinery,east,2180.0874999999996
2024-07-14,733.7,209.0,2978,1728.5,6977,4,hybrid_truck,air,electronics,south,2119.1
2024-07-15,291.7,156.6,1226,2359.8,5669,22,diesel_truck,road,chemicals,north,828.3
2024-07-16,222.7,401.2,2210,440.8,10825,4,electric_van,rail,chemicals,west,221.1
2024-07-17,113.1,173.7,2375,2114.4,6981,30,hybrid_truck,sea,pharmaceuticals,south,252.3
2024-07-18,415.5,420.2,3397,943.2,7769,24,hybrid_truck,air,food,west,1946.0
2024-07-19,630.9,240.7,2181,1276.6,8247,24,diesel_truck,road,machinery,north,956.7
2024-07-20,453.0,350.4,1847,348.2,7427,19,diesel_truck,air,chemicals,east,1951.6
2024-07-21,493.7,93.0,1489,962.3,9135,15,hybrid_truck,rail,automotive,south,372.5
2024-07-22,913.7,330.7,3186,1405.8,8573,30,diesel_truck,rail,automotive,south,915.2
2024-07-23,413.4,253.3,919,423.6,7131,32,hybrid_truck,road,textiles,west,462.8
2024-07-24,562.6,314.0,1093,1380.4,10189,25,electric_van,air,machinery,north,1209.2
2024-07-25,805.3,125.6,3032,2339.6,7535,11,diesel_truck,sea,automotive,west,591.4
2024-07-26,456.9,381.6,2274,531.9,5776,29,electric_van,sea,chemicals,north,242.2
2024-07-27,659.9,438.3,2959,1981.8,10697,19,electric_van,air,automotive,south,1706.2
2024-07-28,876.1,147.5,1435,1201.3,11386,31,electric_van,air,consumer_goods,north,1248.7
2024-07-29,954.6,93.1,1607,1741.4,3662,4,hybrid_truck,air,pharmaceuticals,south,1996.1
2024-07-30,232.4,60.6,1636,872.5,11671,7,electric_van,road,chemicals,north,253.8
2024-07-31,933.9,338.9,831,650.9,11044,13,electric_van,rail,chemicals,east,379.5
2024-08-01,542.9,323.2,3949,653.0,7218,14,electric_van,sea,chemicals,north,221.1
2024-08-02,332.4,296.0,3202,455.1,8060,20,hybrid_truck,road,textiles,east,516.3
2024-08-03,513.2,154.4,2588,708.4,8874,28,electric_van,air,food,north,907.7
2024-08-04,982.0,225.9,2293,1761.3,8581,30,electric_van,air,chemicals,north,1581.7
2024-08-05,543.4,317.5,1458,2239.7,5014,26,diesel_truck,rail,automotive,west,793.8
2024-08-06,395.9,273.5,604,2091.1,6789,10,hybrid_truck,air,consumer_goods,west,1710.2
2024-08-07,670.1,494.5,701,1807.3,10148,15,electric_van,road,chemicals,south,621.1
2024-08-08,316.1,111.4,2997,543.0,10766,24,diesel_truck,road,electronics,west,571.7
2024-08-09,168.3,362.8,2342,936.2,5364,10,hybrid_truck,rail,electronics,north,418.7
2024-08-10,216.0,231.9,2366,981.6,6629,15,hybrid_truck,road,food,west,474.5
2024-08-11,215.2,242.7,2496,849.9,8919,18,hybrid_truck,sea,machinery,north,254.7
2024-08-12,236.7,372.9,1789,1433.0,8675,5,hybrid_truck,road,textiles,east,632.5
2024-08-13,224.9,361.6,1409,1478.2,11872,17,hybrid_truck,road,consumer_goods,north,606.4
2024-08-14,676.8,496.1,709,1085.1,9638,16,hybrid_truck,road,pharmaceuticals,south,863.6
2024-08-15,263.7,107.8,1062,1078.3,7651,7,electric_van,sea,consumer_goods,east,110.2
2024-08-16,411.1,96.8,3689,2122.8,3609,17,electric_van,air,electronics,south,1176.1
2024-08-17,907.1,376.0,3260,2036.4,10940,17,electric_van,road,electronics,south,772.8
2024-08-18,526.6,310.3,3948,977.2,6866,19,electric_van,rail,food,south,376.1
2024-08-19,700.8,173.4,2063,2310.3,3371,10,diesel_truck,sea,machinery,west,554.2
2024-08-20,255.1,85.7,1270,2396.2,9998,22,electric_van,rail,machinery,south,252.6
2024-08-21,273.1,88.5,3655,1018.8,3615,5,hybrid_truck,road,food,east,464.1
2024-08-22,136.8,452.4,3001,1079.7,9911,13,electric_van,rail,chemicals,north,337.8
2024-08-23,252.0,136.3,3214,1412.4,9010,21,electric_van,road,consumer_goods,south,384.8
2024-08-24,350.7,195.5,1128,2370.5,5253,32,hybrid_truck,sea,electronics,east,348.4
2024-08-25,259.3,152.0,2128,2227.9,7942,20,electric_van,rail,consumer_goods,south,306.5
2024-08-26,179.8,209.7,2201,525.6,3864,8,electric_van,rail,consumer_goods,north,172.1
2024-08-27,208.6,81.2,886,1164.0,4268,15,electric_van,road,textiles,east,201.9
2024-08-28,514.7,283.6,2435,1517.4,10454,9,diesel_truck,road,electronics,east,1011.5
2024-08-29,285.7,80.4,3921,1406.9,11976,25,electric_van,air,machinery,north,939.2
2024-08-30,427.8,410.2,2843,726.5,7571,12,hybrid_truck,road,pharmaceuticals,east,746.0
2024-08-31,553.1,155.2,2805,2189.4,8229,23,hybrid_truck,road,consumer_goods,north,778.4
2024-09-01,721.4,293.0,1604,1789.3,5237,4,electric_van,air,electronics,east,1408.6
2024-09-02,135.4,446.0,767,2143.4,7054,25,electric_van,road,consumer_goods,east,465.8
2024-09-03,819.5,342.9,2966,2189.3,3935,18,electric_van,road,textiles,north,709.9
2024-09-04,665.1,289.8,2782,1946.4,9394,24,hybrid_truck,air,chemicals,north,2180.0874999999996
2024-09-05,173.6,196.0,2356,1266.3,10891,29,hybrid_truck,sea,automotive,east,247.0
2024-09-06,886.2,199.9,3882,1643.2,3325,9,diesel_truck,sea,electronics,east,642.8
2024-09-07,928.8,351.3,2498,652.8,10774,22,diesel_truck,road,food,north,1149.4
2024-09-08,155.0,497.4,3533,1782.0,6861,21,diesel_truck,road,automotive,west,1131.0
2024-09-09,349.2,347.8,1880,694.4,4985,9,hybrid_truck,air,consumer_goods,north,1477.4
2024-09-10,825.6,301.0,1736,1826.7,7932,16,diesel_truck,air,food,east,2180.0874999999996
2024-09-11,773.4,378.8,1073,805.1,7603,4,electric_van,sea,food,east,248.9
2024-09-12,266.1,259.3,548,558.6,5778,26,electric_van,rail,food,east,149.2
2024-09-13,288.4,77.1,1650,663.6,11832,26,hybrid_truck,road,electronics,north,345.2
2024-09-14,433.4,303.0,722,304.4,10754,29,diesel_truck,rail,machinery,east,444.4
2024-09-15,536.1,480.9,3468,1881.2,7078,16,electric_van,rail,consumer_goods,west,482.2
2024-09-16,656.4,128.9,3850,1911.3,4367,10,hybrid_truck,air,automotive,south,2031.0
2024-09-17,432.0,360.5,1931,1432.9,7042,18,diesel_truck,road,textiles,west,986.8
2024-09-18,516.3,140.4,2028,655.0,5575,15,electric_van,road,machinery,north,353.5
2024-09-19,772.7,291.1,3865,483.8,9754,30,diesel_truck,air,consumer_goods,east,2180.0874999999996
2024-09-20,133.0,93.5,2319,342.1,4581,29,hybrid_truck,rail,chemicals,north,217.2
2024-09-21,327.2,252.7,2824,664.6,4986,4,diesel_truck,air,chemicals,south,1861.2
2024-09-22,742.0,390.3,1961,2259.9,5240,18,hybrid_truck,sea,electronics,north,506.4
2024-09-23,905.7,206.4,1630,831.4,6966,7,diesel_truck,road,food,east,997.1
2024-09-24,560.5,349.2,2181,1079.4,10604,16,electric_van,sea,textiles,south,231.6
2024-09-25,578.9,408.0,2967,531.8,11320,26,hybrid_truck,air,consumer_goods,south,1878.4
2024-09-26,196.5,467.2,3158,789.2,8968,30,hybrid_truck,road,automotive,east,694.1
2024-09-27,502.7,155.6,874,1442.3,10493,28,hybrid_truck,sea,consumer_goods,east,304.2
2024-09-28,579.4,229.7,2620,1637.1,7103,8,diesel_truck,sea,machinery,east,489.4
2024-09-29,318.2,118.6,2521,839.8,5076,32,diesel_truck,rail,chemicals,north,398.9
2024-09-30,342.3,496.6,1553,427.0,8231,5,electric_van,road,pharmaceuticals,west,413.1
2024-10-01,439.6,467.2,3759,1160.3,5994,26,hybrid_truck,sea,machinery,north,427.1
2024-10-02,118.1,293.0,3935,815.2,6744,29,hybrid_truck,sea,consumer_goods,north,267.4
2024-10-03,389.9,428.9,2389,783.0,8594,4,diesel_truck,rail,textiles,west,654.2
2024-10-04,290.3,284.4,2323,2411.7,10531,19,diesel_truck,sea,consumer_goods,east,528.7
2024-10-05,394.7,330.6,1974,1655.9,10371,26,electric_van,sea,consumer_goods,east,251.9
2024-10-06,207.8,90.1,2742,1525.1,4644,9,electric_van,sea,electronics,west,173.3
2024-10-07,901.5,389.9,1679,1214.7,6144,26,diesel_truck,rail,automotive,west,815.2
2024-10-08,634.2,107.5,3743,1243.7,3242,19,hybrid_truck,sea,textiles,north,317.3
2024-10-09,711.2,421.7,3394,1490.0,7085,17,electric_van,sea,consumer_goods,south,309.9
2024-10-10,810.3,401.9,1564,1832.1,10954,32,diesel_truck,road,food,west,1283.0
2024-10-11,548.6,368.9,3634,1844.7,10269,29,diesel_truck,road,automotive,north,1250.2
2024-10-12,178.2,66.3,2570,677.7,10130,6,hybrid_truck,rail,machinery,south,217.0
2024-10-13,583.4,186.4,859,1400.2,9828,18,diesel_truck,air,textiles,east,2094.8
2024-10-14,628.2,168.4,3646,1206.3,11362,6,diesel_truck,road,machinery,east,958.8
2024-10-15,770.9,212.1,3107,2215.2,11844,26,electric_van,rail,chemicals,north,413.9
2024-10-16,488.5,89.4,3219,1689.1,9331,32,diesel_truck,sea,consumer_goods,north,415.0
2024-10-17,214.8,471.6,2541,1471.5,6512,5,diesel_truck,sea,machinery,west,544.7
2024-10-18,355.4,299.2,1641,553.9,4499,4,electric_van,rail,machinery,east,228.4
2024-10-19,426.8,187.5,2135,1632.4,5158,12,hybrid_truck,sea,electronics,north,335.6
2024-10-20,681.3,228.6,1903,557.8,8162,12,hybrid_truck,sea,machinery,east,284.9
2024-10-21,613.7,251.2,2443,1041.9,7039,26,electric_van,air,food,east,1207.8
2024-10-22,420.5,320.3,1178,614.3,5035,10,electric_van,sea,food,west,192.2
2024-10-23,987.9,282.1,3861,1822.6,10977,6,hybrid_truck,road,automotive,south,1072.9
2024-10-24,645.2,463.7,2987,753.8,3857,29,hybrid_truck,sea,consumer_goods,west,438.5
2024-10-25,313.5,273.6,3480,1162.1,6823,34,hybrid_truck,rail,pharmaceuticals,north,466.6
2024-10-26,191.6,496.5,506,2270.5,9770,21,hybrid_truck,air,chemicals,west,1948.6
2024-10-27,237.6,433.1,3767,749.5,3298,14,hybrid_truck,sea,machinery,west,332.8
2024-10-28,321.4,143.8,2968,1417.2,10244,10,electric_van,rail,machinery,east,254.3
2024-10-29,244.6,468.8,2091,1222.4,3923,12,diesel_truck,road,textiles,west,943.3
2024-10-30,267.9,102.4,1332,339.9,7232,4,hybrid_truck,sea,electronics,north,163.7
2024-10-31,356.6,417.9,3764,2044.1,7306,32,hybrid_truck,air,pharmaceuticals,south,2180.0874999999996
2024-11-01,256.0,221.3,3106,451.9,5799,17,diesel_truck,sea,automotive,west,332.4
2024-11-02,907.1,445.1,3719,1343.4,9578,23,diesel_truck,rail,chemicals,west,1017.9
2024-11-03,172.2,440.6,2310,1533.5,7875,9,diesel_truck,air,pharmaceuticals,south,2180.0874999999996
2024-11-04,572.1,412.7,3773,1682.5,8326,10,diesel_truck,sea,machinery,north,599.4
2024-11-05,469.4,405.5,1413,1815.0,9582,13,diesel_truck,road,textiles,north,1072.3
2024-11-06,984.1,187.1,2511,857.2,4802,10,diesel_truck,air,consumer_goods,west,2180.0874999999996
2024-11-07,200.8,86.4,1942,322.0,5657,29,electric_van,road,electronics,east,195.8
2024-11-08,458.1,231.3,1950,1891.6,6346,5,diesel_truck,rail,consumer_goods,west,655.3
2024-11-09,972.5,128.1,3554,1478.4,5949,33,diesel_truck,sea,automotive,south,597.9
2024-11-10,879.0,362.7,2002,2139.5,3941,7,electric_van,road,pharmaceuticals,south,703.9
2024-11-11,835.4,205.7,625,2107.1,4907,24,diesel_truck,rail,automotive,south,768.1
2024-11-12,332.1,489.0,2942,2155.3,7837,33,hybrid_truck,sea,machinery,west,487.2
2024-11-13,253.8,338.4,1316,1367.2,11105,31,hybrid_truck,rail,automotive,west,431.1
2024-11-14,701.8,420.1,3428,1034.0,4243,20,diesel_truck,road,consumer_goods,north,1194.2
2024-11-15,936.4,109.6,2329,2041.4,8696,4,electric_van,rail,textiles,east,428.1
2024-11-16,601.1,437.9,1075,1292.8,4466,13,hybrid_truck,air,automotive,west,2013.5
2024-11-17,614.5,465.2,2872,703.6,6957,22,electric_van,sea,food,north,275.0
2024-11-18,352.0,269.2,1915,2180.9,4966,34,hybrid_truck,rail,textiles,west,492.6
2024-11-19,792.5,322.8,1429,2241.6,3375,18,diesel_truck,road,pharmaceuticals,north,1287.3
2024-11-20,268.3,394.2,1963,1325.9,3262,13,electric_van,sea,electronics,north,221.0
2024-11-21,391.3,128.7,3775,466.5,7362,22,electric_van,air,electronics,east,849.5
2024-11-22,482.9,276.2,1332,1153.2,9502,15,electric_van,sea,machinery,west,199.6
2024-11-23,556.8,229.4,1554,2067.8,10833,27,hybrid_truck,air,machinery,north,1898.8
2024-11-24,318.2,115.9,3959,2283.9,4893,19,hybrid_truck,sea,food,south,341.6
2024-11-25,203.4,215.4,2148,747.6,11106,12,hybrid_truck,rail,pharmaceuticals,south,318.8
2024-11-26,649.6,80.7,2400,447.3,4652,18,diesel_truck,rail,consumer_goods,south,470.6
2024-11-27,359.8,61.6,1957,2230.2,8540,33,hybrid_truck,road,electronics,east,591.3
2024-11-28,623.1,110.8,3384,1156.7,6892,30,diesel_truck,air,electronics,north,2180.0874999999996
2024-11-29,238.9,483.4,3473,1491.9,3599,31,electric_van,road,electronics,east,551.0
2024-11-30,533.0,297.3,1899,2429.7,7815,20,electric_van,rail,consumer_goods,west,370.1
2024-12-01,579.3,484.6,3915,446.4,4912,17,diesel_truck,air,electronics,west,2180.0874999999996
2024-12-02,146.6,244.6,942,1726.3,11792,30,hybrid_truck,road,automotive,north,552.2
2024-12-03,402.9,190.3,2622,463.0,11572,21,diesel_truck,road,pharmaceuticals,south,689.9
2024-12-04,221.0,277.8,1056,1126.0,7213,29,electric_van,road,textiles,north,320.3
2024-12-05,157.0,247.8,1678,2068.4,6637,5,electric_van,road,textiles,north,412.4
2024-12-06,991.0,97.5,2537,1253.6,8599,34,diesel_truck,road,food,north,1072.1
2024-12-07,390.1,338.4,862,2493.8,9448,7,hybrid_truck,air,automotive,east,2016.0
2024-12-08,828.9,147.2,2995,1529.9,11557,21,hybrid_truck,road,electronics,west,770.1
2024-12-09,329.2,328.8,1757,1006.6,10382,10,diesel_truck,air,electronics,north,2021.7
2024-12-10,713.4,342.6,2341,784.2,11982,16,diesel_truck,road,machinery,north,1033.2
2024-12-11,784.2,118.4,2809,1071.1,6569,18,hybrid_truck,rail,machinery,north,481.5
2024-12-12,636.1,77.6,2350,1119.6,10707,28,electric_van,rail,food,east,264.1
2024-12-13,524.4,401.3,2672,451.2,3746,26,diesel_truck,road,electronics,east,915.5
2024-12-14,470.7,256.9,1410,1113.1,11504,31,hybrid_truck,sea,food,east,293.0
2024-12-15,414.0,76.2,744,1321.3,7633,25,hybrid_truck,rail,automotive,north,295.5
2024-12-16,936.6,497.7,1041,1890.0,3920,34,electric_van,air,textiles,south,1806.6
2024-12-17,847.6,76.0,3032,1744.8,10008,29,electric_van,road,electronics,south,550.5
2024-12-18,968.5,362.8,2669,1859.3,5381,4,electric_van,air,pharmaceuticals,south,1775.1
2024-12-19,211.9,492.7,2672,318.4,6618,14,electric_van,sea,consumer_goods,west,234.4
2024-12-20,757.8,157.6,2072,778.9,11989,13,electric_van,road,automotive,north,424.3
2024-12-21,944.5,114.0,2717,1755.7,7443,28,diesel_truck,rail,electronics,south,802.5
2024-12-22,263.1,104.6,623,1364.8,3272,8,hybrid_truck,air,consumer_goods,south,1005.6
2024-12-23,159.8,186.5,3606,311.7,4773,19,diesel_truck,rail,pharmaceuticals,south,395.1
2024-12-24,767.0,95.5,3658,2069.9,5547,14,diesel_truck,rail,machinery,north,814.7
2024-12-25,617.0,361.5,3193,2000.2,6164,24,diesel_truck,road,food,south,1278.7
2024-12-26,857.6,78.0,2231,1506.5,7780,9,diesel_truck,air,machinery,south,2180.0874999999996
2024-12-27,225.8,279.2,1285,446.2,3946,12,diesel_truck,sea,textiles,north,253.7
2024-12-28,815.7,498.5,2543,1986.3,3506,16,electric_van,rail,machinery,west,511.0
2024-12-29,281.5,416.3,2748,1584.2,9719,27,electric_van,road,electronics,east,538.8
2024-12-30,247.3,326.8,2916,2020.3,11435,11,hybrid_truck,road,pharmaceuticals,south,770.8
2024-12-31,247.8,187.8,1296,1953.8,11697,17,diesel_truck,sea,machinery,east,385.1
2025-01-01,833.1,330.8,576,2066.6,9360,27,hybrid_truck,road,electronics,west,910.3
2025-01-02,698.7,287.2,558,1439.6,10657,4,electric_van,rail,textiles,west,345.4
2025-01-03,570.8,241.7,2978,608.7,6590,20,electric_van,road,consumer_goods,south,423.8
2025-01-04,422.9,108.8,3185,1776.5,4192,27,electric_van,air,pharmaceuticals,north,1110.3
2025-01-05,889.5,449.0,2023,1665.0,4464,8,diesel_truck,air,machinery,west,2180.0874999999996
2025-01-06,453.2,252.4,2436,1933.0,3390,28,diesel_truck,rail,food,east,724.3
2025-01-07,834.9,137.6,2656,673.7,8615,5,electric_van,air,food,east,1131.5
2025-01-08,495.2,215.5,3555,728.9,9106,28,hybrid_truck,sea,pharmaceuticals,east,344.6
2025-01-09,439.2,236.4,1801,2258.9,11864,31,hybrid_truck,road,food,east,762.4
2025-01-10,516.4,422.4,567,1950.0,5560,33,electric_van,rail,machinery,west,370.1
2025-01-11,371.2,380.1,3640,2298.1,8867,27,hybrid_truck,sea,machinery,south,451.2
2025-01-12,772.8,396.2,3736,1969.2,4211,12,electric_van,road,pharmaceuticals,south,725.6
2025-01-13,552.4,55.0,2852,1613.7,4539,7,hybrid_truck,sea,machinery,east,307.2
2025-01-14,309.0,237.3,2432,1739.1,3643,20,electric_van,rail,consumer_goods,south,305.7
2025-01-15,909.6,266.6,3221,2256.1,11693,20,hybrid_truck,rail,electronics,east,725.3
2025-01-16,445.5,58.6,864,1573.4,11921,24,diesel_truck,sea,textiles,east,364.5
2025-01-17,589.2,166.9,1320,1691.3,4283,21,electric_van,road,consumer_goods,north,487.3
2025-01-18,915.8,392.1,1902,644.2,10680,19,electric_van,air,consumer_goods,west,1474.3
2025-01-19,661.8,111.7,2890,1342.6,10345,33,hybrid_truck,air,food,west,1721.4
2025-01-20,205.2,290.9,1446,1876.1,7386,11,electric_van,sea,electronics,east,198.7
2025-01-21,945.8,146.8,3446,896.1,3919,29,electric_van,rail,pharmaceuticals,west,361.2
2025-01-22,664.9,55.5,2077,745.0,5339,14,electric_van,road,chemicals,south,386.2
2025-01-23,401.4,158.5,1877,990.4,11947,24,diesel_truck,road,food,east,702.6
2025-01-24,225.3,489.1,1939,831.3,8930,24,diesel_truck,rail,electronics,north,629.1
2025-01-25,814.6,410.7,3680,772.8,8402,21,hybrid_truck,air,machinery,south,2180.0874999999996
2025-01-26,658.1,481.8,1261,1234.7,8663,26,diesel_truck,road,pharmaceuticals,north,1120.1
2025-01-27,580.1,269.5,840,2297.2,8275,32,hybrid_truck,sea,chemicals,north,371.0
2025-01-28,904.5,99.4,3489,1415.5,3507,27,diesel_truck,air,pharmaceuticals,west,2180.0874999999996
2025-01-29,809.7,296.6,882,713.4,4436,13,hybrid_truck,sea,chemicals,west,346.5
2025-01-30,236.5,254.5,1503,469.3,11750,16,diesel_truck,air,chemicals,east,1389.4
2025-01-31,380.5,430.0,2056,1831.5,10354,20,diesel_truck,rail,food,west,772.8
2025-02-01,323.6,94.1,799,1142.2,7516,21,hybrid_truck,sea,machinery,north,222.1
2025-02-02,769.6,269.7,638,2108.0,6622,13,electric_van,sea,food,north,270.6
2025-02-03,130.2,117.5,858,1750.9,7399,19,electric_van,rail,chemicals,south,169.0
2025-02-04,612.9,196.1,1335,2051.7,8037,23,diesel_truck,sea,chemicals,north,489.2
2025-02-05,786.2,381.8,2022,898.3,11111,8,hybrid_truck,air,automotive,east,2081.5
2025-02-06,889.1,264.2,3956,1823.2,6715,16,electric_van,road,electronics,east,688.2
2025-02-07,407.9,219.1,2127,880.9,10837,21,hybrid_truck,road,automotive,west,555.9
2025-02-08,839.1,227.5,2482,2366.0,4301,20,electric_van,rail,electronics,west,491.4
2025-02-09,199.6,256.8,1803,1700.0,10370,12,hybrid_truck,air,textiles,west,1478.0
2025-02-10,861.8,403.3,3030,1013.9,8185,17,diesel_truck,sea,consumer_goods,east,670.5
2025-02-11,214.7,451.4,1408,892.9,5155,20,hybrid_truck,sea,pharmaceuticals,north,274.7
2025-02-12,457.6,479.9,1634,720.0,9411,32,electric_van,road,food,west,416.4
2025-02-13,817.6,404.1,3413,1828.2,9365,34,diesel_truck,sea,textiles,south,711.0
2025-02-14,234.9,191.9,2686,781.2,3692,7,hybrid_truck,road,textiles,west,472.7
2025-02-15,306.3,359.7,1495,1609.7,4478,21,electric_van,rail,pharmaceuticals,east,315.5
2025-02-16,750.0,246.9,2982,882.2,9396,30,diesel_truck,sea,pharmaceuticals,west,514.3
2025-02-17,748.0,164.6,3056,1756.3,11448,23,hybrid_truck,air,electronics,north,2051.9
2025-02-18,677.0,428.4,2820,2092.9,3441,27,electric_van,sea,automotive,west,352.1
2025-02-19,724.6,67.3,3670,2011.7,5646,27,hybrid_truck,road,machinery,east,825.9
2025-02-20,588.5,455.8,2651,1973.9,8209,18,hybrid_truck,rail,electronics,east,661.1
2025-02-21,326.6,257.7,1737,713.0,9533,14,diesel_truck,road,machinery,south,668.8
2025-02-22,411.1,336.7,2284,494.4,7677,15,diesel_truck,sea,textiles,east,392.2
2025-02-23,263.4,346.7,3309,1837.7,10211,12,electric_van,road,machinery,south,496.7
2025-02-24,917.6,452.8,3334,1110.4,5645,16,diesel_truck,road,automotive,north,1361.9
2025-02-25,625.1,336.5,664,1251.2,11210,18,electric_van,rail,electronics,east,337.3
2025-02-26,460.8,326.3,1498,368.5,10933,30,hybrid_truck,air,chemicals,west,1403.8
2025-02-27,515.8,80.0,3067,871.1,8476,18,hybrid_truck,sea,pharmaceuticals,north,260.5
2025-02-28,952.6,283.3,1807,374.1,10928,31,electric_van,rail,chemicals,west,334.9
2025-03-01,238.0,117.6,3064,2234.2,5080,8,hybrid_truck,air,automotive,west,1586.4
2025-03-02,627.6,381.8,1156,835.5,9089,26,diesel_truck,road,consumer_goods,west,947.5
2025-03-03,555.3,280.5,3160,1526.1,10396,22,hybrid_truck,air,automotive,north,1994.0
2025-03-04,650.3,356.1,2711,385.8,10797,29,diesel_truck,road,consumer_goods,north,955.4
2025-03-05,116.3,68.8,2409,1767.1,3861,23,electric_van,road,electronics,east,324.1
2025-03-06,884.9,88.2,2546,1010.7,11346,29,electric_van,rail,pharmaceuticals,west,318.2
2025-03-07,938.9,372.3,2611,2275.4,6494,28,hybrid_truck,road,automotive,south,1149.8
2025-03-08,608.6,82.4,3662,2253.9,3904,29,hybrid_truck,rail,chemicals,east,576.7
2025-03-09,727.0,82.1,1640,1015.6,4269,29,diesel_truck,air,consumer_goods,north,2026.9
2025-03-10,930.2,55.4,2389,2282.1,3404,17,diesel_truck,air,pharmaceuticals,south,2180.0874999999996
2025-03-11,736.5,480.4,766,2491.5,4184,31,hybrid_truck,road,food,north,1043.7
2025-03-12,237.3,381.9,2345,2115.9,11938,20,hybrid_truck,rail,food,south,522.7
2025-03-13,618.7,209.0,2208,2158.7,4725,21,electric_van,road,food,east,539.3
2025-03-14,646.0,183.4,3711,847.8,11462,24,electric_van,rail,machinery,south,358.4
2025-03-15,481.7,207.4,2793,1568.7,8811,6,electric_van,rail,automotive,east,327.4
2025-03-16,762.8,398.6,2942,448.0,8606,5,hybrid_truck,rail,electronics,north,589.4
2025-03-17,940.9,347.6,2010,508.8,6956,4,hybrid_truck,air,chemicals,south,2086.2
2025-03-18,933.0,133.3,975,2497.6,3171,13,hybrid_truck,rail,electronics,west,632.8
2025-03-19,505.8,128.3,1476,1018.6,11465,22,electric_van,air,machinery,west,879.0
2025-03-20,201.9,94.3,1707,1946.0,5306,20,hybrid_truck,rail,electronics,north,358.7
2025-03-21,986.4,347.1,1543,2074.7,3421,15,diesel_truck,air,consumer_goods,south,2180.0874999999996
2025-03-22,855.0,394.0,2460,2187.7,8540,4,hybrid_truck,sea,food,west,531.7
2025-03-23,212.2,169.3,1057,2494.8,7675,15,hybrid_truck,air,chemicals,east,1510.5
2025-03-24,928.8,59.4,1517,831.3,9748,20,hybrid_truck,air,automotive,south,1606.3
2025-03-25,882.9,87.0,2105,388.8,9103,27,hybrid_truck,road,electronics,south,597.9
2025-03-26,567.0,485.5,1382,1204.6,4473,34,hybrid_truck,rail,electronics,west,589.0
2025-03-27,632.1,183.0,2694,586.2,6243,6,diesel_truck,sea,textiles,east,395.6
2025-03-28,459.1,396.2,1165,349.3,5181,14,diesel_truck,road,textiles,east,764.1
2025-03-29,149.3,331.1,3875,1092.9,6096,20,hybrid_truck,rail,textiles,east,445.1
2025-03-30,401.7,221.9,3167,2024.2,9646,26,electric_van,sea,automotive,south,228.1
2025-03-31,822.6,142.6,2271,1545.6,8882,29,hybrid_truck,sea,food,north,397.4
2025-04-01,104.2,104.6,3367,988.1,8982,6,hybrid_truck,sea,pharmaceuticals,south,164.5
2025-04-02,400.1,326.8,1363,1739.6,8798,11,hybrid_truck,rail,food,south,483.6
2025-04-03,458.4,398.6,1081,810.4,11415,23,electric_van,sea,chemicals,west,210.5
2025-04-04,583.7,339.8,3570,331.6,11411,7,electric_van,sea,food,north,205.4
2025-04-05,927.9,288.6,1194,1981.6,11456,24,electric_van,road,automotive,east,623.6
2025-04-06,411.7,68.9,1751,1672.2,7524,25,diesel_truck,air,consumer_goods,west,1821.7
2025-04-07,412.3,485.8,3673,1977.1,9559,10,electric_van,rail,consumer_goods,south,426.1
2025-04-08,763.8,409.4,2110,385.7,10620,17,diesel_truck,air,automotive,north,2180.0874999999996
2025-04-09,507.0,181.8,3988,2141.7,5774,17,diesel_truck,road,textiles,east,1137.5
2025-04-10,302.1,491.0,1739,1663.0,8673,7,electric_van,air,electronics,east,1299.1
2025-04-11,507.2,320.8,2954,1539.5,6124,19,electric_van,sea,machinery,south,294.6
2025-04-12,226.8,312.1,898,1674.2,11671,27,electric_van,sea,machinery,east,192.1
2025-04-13,258.7,386.6,2446,2201.8,4353,32,diesel_truck,rail,pharmaceuticals,east,750.7
2025-04-14,548.5,415.3,1214,1591.3,6854,25,hybrid_truck,rail,electronics,north,596.5
2025-04-15,477.0,345.4,1203,1578.1,11134,33,electric_van,rail,pharmaceuticals,west,331.2
2025-04-16,923.4,107.6,3308,2479.5,3924,4,electric_van,road,textiles,north,663.7
2025-04-17,426.2,202.2,3046,1964.8,5170,20,electric_van,rail,pharmaceuticals,west,362.9
2025-04-18,622.5,467.6,2214,1273.0,8506,28,diesel_truck,road,electronics,west,1171.4
2025-04-19,669.0,151.1,2472,1856.3,5395,13,diesel_truck,sea,chemicals,west,499.2
2025-04-20,111.8,217.5,3521,1156.3,11220,25,hybrid_truck,air,electronics,east,1299.0
2025-04-21,697.2,244.4,581,803.5,11226,19,electric_van,sea,machinery,north,204.2
2025-04-22,260.2,247.7,1103,1613.1,8515,19,diesel_truck,sea,consumer_goods,east,353.7
2025-04-23,965.0,325.8,2470,2342.0,5670,29,hybrid_truck,sea,textiles,south,535.2
2025-04-24,233.8,474.4,2210,2344.1,6365,11,electric_van,rail,chemicals,north,333.2
2025-04-25,473.2,158.3,2546,1052.2,3588,32,diesel_truck,rail,automotive,west,537.9
2025-04-26,176.8,104.7,3319,1460.9,6138,10,electric_van,rail,chemicals,east,251.9
2025-04-27,997.2,138.9,1402,765.6,9663,31,electric_van,air,chemicals,east,1158.6
2025-04-28,552.0,449.1,864,2490.4,7086,9,diesel_truck,rail,pharmaceuticals,north,874.4
2025-04-29,635.8,340.6,662,2458.5,11531,19,diesel_truck,road,machinery,north,1239.6
2025-04-30,160.4,178.7,3619,1728.9,7270,23,diesel_truck,sea,pharmaceuticals,west,397.6
2025-05-01,775.0,417.2,3058,2069.7,9019,19,electric_van,air,pharmaceuticals,west,1804.0
2025-05-02,288.9,437.6,3900,1873.2,3556,10,electric_van,air,automotive,south,1435.6
2025-05-03,908.2,430.9,2363,1604.9,11022,12,hybrid_truck,air,textiles,west,2180.0874999999996
2025-05-04,284.6,463.5,615,417.4,8452,17,electric_van,air,electronics,east,886.1
2025-05-05,271.6,163.5,3488,1300.5,6567,14,diesel_truck,air,food,south,1916.3
2025-05-06,132.9,389.8,2884,1784.5,6899,29,electric_van,road,pharmaceuticals,south,490.9
2025-05-07,524.9,257.2,1380,1790.6,9477,29,hybrid_truck,sea,food,south,374.7
2025-05-08,608.4,428.9,3284,1120.9,10500,17,hybrid_truck,air,textiles,north,2180.0874999999996
2025-05-09,159.1,377.8,1339,2371.7,4016,10,diesel_truck,sea,food,west,488.2
2025-05-10,798.0,399.4,2694,668.2,9470,4,diesel_truck,rail,pharmaceuticals,south,806.6
2025-05-11,508.0,345.3,1846,1400.8,5062,29,hybrid_truck,air,automotive,north,1886.7
2025-05-12,572.0,129.8,2990,1819.9,7321,28,hybrid_truck,air,food,north,1825.3
2025-05-13,496.7,295.3,3384,1833.7,6496,16,hybrid_truck,sea,textiles,south,436.6
2025-05-14,460.7,493.1,1536,1727.0,4813,23,diesel_truck,air,textiles,south,2180.0874999999996
2025-05-15,603.7,471.8,1442,905.6,9256,34,hybrid_truck,air,consumer_goods,east,1989.9
2025-05-16,239.7,69.4,2224,643.7,5313,6,hybrid_truck,air,consumer_goods,south,863.0
2025-05-17,263.7,124.2,2834,1699.1,4231,23,diesel_truck,road,automotive,east,735.2
2025-05-18,875.6,109.3,3267,1618.5,8831,7,electric_van,road,food,south,565.6
2025-05-19,951.5,376.7,1637,694.6,5999,32,electric_van,air,food,south,1451.6
2025-05-20,436.0,418.0,3027,1851.3,6440,29,hybrid_truck,road,consumer_goods,west,884.5
2025-05-21,343.7,146.1,521,1301.4,7056,14,electric_van,rail,electronics,south,216.8
2025-05-22,679.6,277.6,3920,1769.1,3305,5,electric_van,air,machinery,south,1573.3
2025-05-23,467.9,428.3,2249,2142.2,4689,17,electric_van,rail,textiles,east,366.6
2025-05-24,122.8,379.8,1182,673.4,6917,15,electric_van,sea,electronics,east,147.7
2025-05-25,240.5,294.0,3453,342.1,10080,33,hybrid_truck,rail,textiles,west,358.2
2025-05-26,744.4,315.7,2333,2014.0,11611,20,electric_van,sea,chemicals,south,342.2
2025-05-27,693.0,278.8,2867,1641.3,5936,15,electric_van,air,chemicals,south,1448.1
2025-05-28,124.4,183.9,625,1839.2,6862,29,diesel_truck,sea,electronics,east,319.9
2025-05-29,299.8,304.3,776,2143.9,8649,15,hybrid_truck,sea,chemicals,north,364.4
2025-05-30,308.0,360.0,2499,2066.2,6261,4,diesel_truck,rail,consumer_goods,north,733.0
2025-05-31,704.7,443.0,1727,2414.0,4819,16,diesel_truck,rail,consumer_goods,north,983.4
2025-06-01,117.7,336.3,2741,1479.1,4342,17,hybrid_truck,rail,machinery,east,422.1
2025-06-02,193.7,392.5,1195,1374.7,8560,27,electric_van,air,electronics,east,994.1
2025-06-03,819.9,122.0,1809,1184.2,5226,33,diesel_truck,air,textiles,north,2180.0874999999996
2025-06-04,260.7,257.7,556,638.1,4079,5,hybrid_truck,rail,food,north,297.2
2025-06-05,687.5,54.2,3874,1559.7,7206,15,electric_van,air,textiles,south,1235.0
2025-06-06,314.4,161.0,3734,909.4,9280,29,hybrid_truck,air,pharmaceuticals,east,1348.9
2025-06-07,189.5,376.9,518,2326.9,10235,24,diesel_truck,sea,consumer_goods,east,472.9
2025-06-08,318.9,496.3,3941,1583.0,3813,31,electric_van,sea,automotive,north,332.9
2025-06-09,750.0,94.6,2811,1604.2,8089,19,electric_van,rail,automotive,north,343.9
2025-06-10,870.1,230.7,3341,1080.8,5031,7,hybrid_truck,air,consumer_goods,west,2109.6
2025-06-11,847.2,410.0,612,414.4,11514,11,electric_van,sea,pharmaceuticals,east,257.0
2025-06-12,457.5,141.8,3898,369.8,8911,5,diesel_truck,road,automotive,west,690.4
2025-06-13,701.3,299.8,1041,1231.3,5653,13,diesel_truck,air,chemicals,south,2180.0874999999996
2025-06-14,284.5,379.9,3194,486.0,6340,12,diesel_truck,road,consumer_goods,west,799.8
2025-06-15,363.8,327.2,1078,1635.1,10876,26,hybrid_truck,rail,automotive,north,458.1
2025-06-16,906.7,134.6,1588,2238.1,4141,18,electric_van,air,consumer_goods,east,1444.5
2025-06-17,111.7,209.9,3863,2242.4,11558,16,electric_van,rail,machinery,east,342.9
2025-06-18,177.0,402.7,524,1749.9,5897,26,electric_van,rail,food,west,331.5
2025-06-19,287.1,299.4,2072,764.7,7041,20,diesel_truck,rail,food,west,517.5
2025-06-20,123.9,52.4,2548,2198.6,5038,33,electric_van,rail,textiles,south,243.3
2025-06-21,263.3,392.4,3458,2249.4,7270,19,diesel_truck,rail,pharmaceuticals,south,800.1
2025-06-22,624.7,65.9,2072,732.6,7683,31,electric_van,air,consumer_goods,north,849.9
2025-06-23,479.3,385.6,640,1922.3,3494,5,diesel_truck,road,electronics,north,1074.2
2025-06-24,903.4,141.1,2267,930.3,10116,23,electric_van,air,textiles,north,1225.0
2025-06-25,835.7,481.1,1147,2065.8,4784,23,hybrid_truck,air,textiles,west,2180.0874999999996
2025-06-26,407.6,215.6,2735,2493.9,6510,30,hybrid_truck,air,consumer_goods,west,2016.3
2025-06-27,333.5,197.1,3699,366.1,6786,17,diesel_truck,sea,consumer_goods,east,337.1
2025-06-28,441.7,117.0,700,2274.2,8266,6,diesel_truck,sea,textiles,north,433.9
2025-06-29,631.3,187.5,3698,1669.8,8428,26,electric_van,air,textiles,west,1343.3
2025-06-30,341.3,444.5,756,2441.4,9681,15,electric_van,road,food,east,578.5
2025-07-01,661.7,498.4,1046,1323.0,9893,11,hybrid_truck,air,electronics,north,2180.0874999999996
2025-07-02,468.5,215.7,2741,2164.3,7658,5,electric_van,rail,chemicals,south,391.3
2025-07-03,596.8,251.9,3250,437.3,10082,7,diesel_truck,sea,textiles,south,422.6
2025-07-04,492.5,374.9,3675,1037.6,9869,17,diesel_truck,sea,chemicals,west,529.7
2025-07-05,365.0,448.8,3836,447.4,10607,19,diesel_truck,air,food,east,2180.0874999999996
2025-07-06,953.6,316.9,1301,2445.8,10669,22,diesel_truck,air,textiles,south,2180.0874999999996
2025-07-07,787.2,226.2,1441,2097.3,9219,5,diesel_truck,road,automotive,east,1169.7
2025-07-08,226.1,235.7,3955,2175.6,7534,15,hybrid_truck,road,textiles,east,788.9
2025-07-09,881.6,363.0,3831,2363.5,8979,32,hybrid_truck,rail,consumer_goods,south,767.7
2025-07-10,538.7,51.4,913,487.2,11890,17,diesel_truck,air,pharmaceuticals,east,1282.1
2025-07-11,905.1,328.8,2514,1148.3,4312,9,electric_van,air,pharmaceuticals,south,1520.4
2025-07-12,819.9,210.0,1881,456.3,5962,16,diesel_truck,air,textiles,west,2180.0874999999996
2025-07-13,482.7,407.4,1598,763.7,5938,7,hybrid_truck,sea,machinery,north,333.7
2025-07-14,120.2,91.8,3926,804.6,6197,25,diesel_truck,rail,automotive,north,359.1
2025-07-15,341.8,314.7,1409,1332.0,8296,21,hybrid_truck,road,electronics,west,640.8
2025-07-16,587.5,266.4,687,890.8,10204,15,hybrid_truck,sea,textiles,south,269.0
2025-07-17,670.1,339.0,2515,522.2,8730,23,diesel_truck,sea,chemicals,south,524.0
2025-07-18,332.1,79.2,1813,668.5,3126,30,diesel_truck,sea,electronics,south,266.0
2025-07-19,225.4,311.0,2592,624.0,8602,25,electric_van,sea,automotive,south,154.3
2025-07-20,851.4,302.7,2630,2440.8,4191,33,hybrid_truck,rail,textiles,west,754.8
2025-07-21,986.0,302.3,1646,1970.4,5639,24,electric_van,air,machinery,north,1681.0
2025-07-22,573.1,321.6,857,2429.1,4366,22,diesel_truck,road,food,east,1140.5
2025-07-23,254.5,354.4,2051,1267.4,9453,11,hybrid_truck,road,machinery,east,618.7
2025-07-24,345.1,412.2,1589,912.4,9671,10,electric_van,sea,consumer_goods,north,226.5
2025-07-25,116.6,171.4,3483,2056.2,9683,19,electric_van,sea,machinery,west,205.9
2025-07-26,922.9,421.3,2180,1017.8,7539,22,electric_van,rail,chemicals,east,431.5
2025-07-27,206.0,274.2,2922,958.6,11876,9,diesel_truck,sea,food,north,340.5
2025-07-28,618.9,84.7,661,811.5,5887,23,diesel_truck,road,consumer_goods,west,621.3
2025-07-29,346.6,76.3,3951,585.3,7086,30,diesel_truck,road,food,east,613.6
2025-07-30,598.8,200.4,3929,864.2,5261,24,hybrid_truck,air,pharmaceuticals,south,1791.3
2025-07-31,686.3,403.2,3759,1081.7,7180,14,diesel_truck,air,food,south,2180.0874999999996
2025-08-01,846.8,368.5,2869,1782.8,5841,8,hybrid_truck,road,textiles,west,1007.1
2025-08-02,285.8,404.9,949,437.6,9040,19,electric_van,road,electronics,south,339.7
2025-08-03,109.9,282.8,1997,763.1,6560,10,electric_van,rail,pharmaceuticals,west,227.9
2025-08-04,223.2,248.1,1536,2079.9,7758,30,diesel_truck,rail,pharmaceuticals,north,592.4
2025-08-05,910.0,116.4,2731,623.2,3626,8,electric_van,road,electronics,north,471.9
2025-08-06,886.5,197.7,2658,1053.8,8014,14,diesel_truck,sea,chemicals,east,521.4
2025-08-07,637.7,245.3,2450,2202.2,4375,18,hybrid_truck,air,pharmaceuticals,west,2175.4
2025-08-08,640.5,89.9,3055,640.8,4181,6,electric_van,road,food,east,384.7
2025-08-09,698.5,149.3,1813,482.0,8708,29,diesel_truck,sea,machinery,east,377.2
2025-08-10,257.8,319.2,2842,1366.0,3490,8,electric_van,road,automotive,north,453.4
2025-08-11,923.0,381.0,3451,965.3,6729,26,electric_van,air,chemicals,east,1640.8
2025-08-12,476.9,499.3,1738,1539.5,8974,24,diesel_truck,air,food,south,2180.0874999999996
2025-08-13,444.8,469.9,1473,2068.4,6534,8,electric_van,rail,consumer_goods,east,402.5
2025-08-14,567.0,339.2,1131,601.7,6296,12,electric_van,rail,consumer_goods,west,280.9
2025-08-15,142.3,239.6,2090,1577.5,4940,18,electric_van,rail,machinery,south,281.4
2025-08-16,249.7,336.3,1550,1412.1,8014,6,electric_van,rail,chemicals,north,332.0
2025-08-17,764.2,403.5,3280,617.0,4882,32,hybrid_truck,air,chemicals,west,2154.1
2025-08-18,174.5,103.3,3802,1672.8,7908,9,electric_van,sea,machinery,south,179.9
2025-08-19,642.8,234.5,2088,902.0,5987,20,electric_van,sea,chemicals,west,241.5
2025-08-20,320.8,427.9,2868,1373.2,8585,29,diesel_truck,sea,pharmaceuticals,south,497.1
2025-08-21,450.4,222.7,3460,481.0,6159,24,hybrid_truck,road,textiles,west,601.0
2025-08-22,359.8,307.3,3804,1311.1,7530,11,diesel_truck,rail,textiles,west,682.2
2025-08-23,420.1,314.5,2193,974.2,3681,24,diesel_truck,rail,chemicals,south,567.8
2025-08-24,747.1,133.0,936,2109.2,8254,28,diesel_truck,air,pharmaceuticals,north,2180.0874999999996
2025-08-25,367.4,213.0,3328,425.4,4073,14,hybrid_truck,air,pharmaceuticals,north,1307.9
2025-08-26,609.8,200.5,2056,1220.9,5387,9,diesel_truck,road,electronics,west,926.0
2025-08-27,528.4,61.8,3974,1308.5,5693,11,diesel_truck,road,electronics,west,832.5
2025-08-28,697.3,60.9,1576,1895.0,7340,13,diesel_truck,sea,automotive,north,445.6
2025-08-29,943.1,424.3,3884,1563.4,5156,27,electric_van,air,automotive,north,1863.8
2025-08-30,759.3,172.9,1804,1767.9,10966,32,diesel_truck,rail,automotive,east,700.2
2025-08-31,293.4,283.1,3273,2009.5,5580,6,hybrid_truck,sea,automotive,north,383.2
2025-09-01,128.1,184.4,2578,2196.8,10257,26,hybrid_truck,rail,machinery,west,391.2
2025-09-02,336.0,473.3,2884,990.5,5159,17,electric_van,sea,machinery,south,263.2
2025-09-03,635.6,166.7,682,1483.6,9772,26,hybrid_truck,rail,electronics,north,429.7
2025-09-04,146.3,243.3,3594,2148.2,4627,17,hybrid_truck,road,textiles,east,673.9
2025-09-05,546.7,442.7,3091,2476.8,11219,13,electric_van,sea,pharmaceuticals,east,351.5
2025-09-06,637.2,428.9,1969,2256.9,10080,15,diesel_truck,rail,consumer_goods,east,938.8
2025-09-07,400.8,133.7,3645,1117.2,4985,9,electric_van,rail,textiles,south,283.6
2025-09-08,793.8,411.2,3581,729.4,11488,15,diesel_truck,air,food,north,2180.0874999999996
2025-09-09,195.9,256.2,1979,1376.7,5181,26,diesel_truck,sea,machinery,north,369.5
2025-09-10,167.6,267.3,2089,1931.6,5296,17,hybrid_truck,rail,automotive,north,443.5
2025-09-11,755.4,110.1,2087,1383.7,10164,5,electric_van,air,automotive,south,1175.4
2025-09-12,545.9,86.3,1159,1363.0,5597,12,hybrid_truck,rail,food,south,372.9
2025-09-13,719.6,377.6,659,2144.1,3901,13,hybrid_truck,sea,textiles,west,470.5
2025-09-14,491.3,273.4,3585,1095.1,9060,29,diesel_truck,road,automotive,east,953.5
2025-09-15,321.8,246.6,3749,2191.5,4677,20,hybrid_truck,sea,textiles,east,415.3
2025-09-16,837.2,378.3,2959,1195.0,5881,20,electric_van,sea,pharmaceuticals,north,330.2
2025-09-17,819.5,394.5,1511,1022.1,8622,6,hybrid_truck,rail,food,south,644.8
2025-09-18,725.2,121.5,552,1298.8,11052,33,hybrid_truck,rail,consumer_goods,south,440.1
2025-09-19,344.9,324.6,2955,1977.4,4378,34,diesel_truck,sea,textiles,north,544.1
2025-09-20,631.2,110.9,3394,577.2,4248,22,electric_van,air,pharmaceuticals,north,959.7
2025-09-21,424.9,388.1,1545,732.1,8650,4,hybrid_truck,air,chemicals,west,1616.3
2025-09-22,182.4,345.6,1553,2393.2,9079,15,diesel_truck,air,chemicals,east,2180.0874999999996
2025-09-23,925.6,480.5,3250,686.1,10036,10,hybrid_truck,rail,textiles,east,731.0
2025-09-24,223.1,81.0,2807,1549.0,9487,7,electric_van,rail,chemicals,east,233.0
2025-09-25,955.2,75.7,1728,1574.5,4058,13,hybrid_truck,sea,textiles,west,380.5
2025-09-26,501.4,177.0,3630,1377.2,5048,16,hybrid_truck,road,automotive,north,680.5
